--------------------------------------------------------
--  파일이 생성됨 - 화요일-5월-11-2021   
--------------------------------------------------------
--------------------------------------------------------
--  DDL for Sequence BOARD_NUM
--------------------------------------------------------

   CREATE SEQUENCE  "USERID"."BOARD_NUM"  MINVALUE 1 MAXVALUE 9999999999999999999999999999 INCREMENT BY 1 START WITH 1 CACHE 20 NOORDER  NOCYCLE ;
--------------------------------------------------------
--  DDL for Sequence BOARD_SEQ
--------------------------------------------------------

   CREATE SEQUENCE  "USERID"."BOARD_SEQ"  MINVALUE 1 MAXVALUE 9999999999999999999999999999 INCREMENT BY 1 START WITH 81 CACHE 20 NOORDER  NOCYCLE ;
--------------------------------------------------------
--  DDL for Sequence COMMENT_SEQ
--------------------------------------------------------

   CREATE SEQUENCE  "USERID"."COMMENT_SEQ"  MINVALUE 1 MAXVALUE 9999999999999999999999999999 INCREMENT BY 1 START WITH 1 CACHE 20 NOORDER  NOCYCLE ;
--------------------------------------------------------
--  DDL for Sequence COMPANY_FAQ_SEQ
--------------------------------------------------------

   CREATE SEQUENCE  "USERID"."COMPANY_FAQ_SEQ"  MINVALUE 1 MAXVALUE 9999999999999999999999999999 INCREMENT BY 1 START WITH 21 CACHE 20 NOORDER  NOCYCLE ;
--------------------------------------------------------
--  DDL for Sequence COMPANY_JOB_SEQ
--------------------------------------------------------

   CREATE SEQUENCE  "USERID"."COMPANY_JOB_SEQ"  MINVALUE 1 MAXVALUE 9999999999999999999999999999 INCREMENT BY 1 START WITH 21 CACHE 20 NOORDER  NOCYCLE ;
--------------------------------------------------------
--  DDL for Sequence COMPANY_MEMBER2_SEQ
--------------------------------------------------------

   CREATE SEQUENCE  "USERID"."COMPANY_MEMBER2_SEQ"  MINVALUE 1 MAXVALUE 9999999999999999999999999999 INCREMENT BY 1 START WITH 1 CACHE 20 NOORDER  NOCYCLE ;
--------------------------------------------------------
--  DDL for Sequence COMPANY_MEMBER_SEQ
--------------------------------------------------------

   CREATE SEQUENCE  "USERID"."COMPANY_MEMBER_SEQ"  MINVALUE 1 MAXVALUE 9999999999999999999999999999 INCREMENT BY 1 START WITH 21 CACHE 20 NOORDER  NOCYCLE ;
--------------------------------------------------------
--  DDL for Sequence COMPANY_NEWS_SEQ
--------------------------------------------------------

   CREATE SEQUENCE  "USERID"."COMPANY_NEWS_SEQ"  MINVALUE 1 MAXVALUE 9999999999999999999999999999 INCREMENT BY 1 START WITH 21 CACHE 20 NOORDER  NOCYCLE ;
--------------------------------------------------------
--  DDL for Sequence COMPANY_NOTICE_SEQ
--------------------------------------------------------

   CREATE SEQUENCE  "USERID"."COMPANY_NOTICE_SEQ"  MINVALUE 1 MAXVALUE 9999999999999999999999999999 INCREMENT BY 1 START WITH 21 CACHE 20 NOORDER  NOCYCLE ;
--------------------------------------------------------
--  DDL for Sequence COMPANY_ONE2ONE_SEQ
--------------------------------------------------------

   CREATE SEQUENCE  "USERID"."COMPANY_ONE2ONE_SEQ"  MINVALUE 1 MAXVALUE 9999999999999999999999999999 INCREMENT BY 1 START WITH 21 CACHE 20 NOORDER  NOCYCLE ;
--------------------------------------------------------
--  DDL for Sequence COMPANY_QNA_SEQ
--------------------------------------------------------

   CREATE SEQUENCE  "USERID"."COMPANY_QNA_SEQ"  MINVALUE 1 MAXVALUE 9999999999999999999999999999 INCREMENT BY 1 START WITH 81 CACHE 20 NOORDER  NOCYCLE ;
--------------------------------------------------------
--  DDL for Sequence GIRL_GROUP_SEQ
--------------------------------------------------------

   CREATE SEQUENCE  "USERID"."GIRL_GROUP_SEQ"  MINVALUE 1 MAXVALUE 9999999999999999999999999999 INCREMENT BY 1 START WITH 21 CACHE 20 NOORDER  NOCYCLE ;
--------------------------------------------------------
--  DDL for Sequence GUESTBOOK_NO_SEQ
--------------------------------------------------------

   CREATE SEQUENCE  "USERID"."GUESTBOOK_NO_SEQ"  MINVALUE 1 MAXVALUE 9999999999999999999999999999 INCREMENT BY 1 START WITH 1 CACHE 20 NOORDER  NOCYCLE ;
--------------------------------------------------------
--  DDL for Sequence GYM_EVENT_SEQ
--------------------------------------------------------

   CREATE SEQUENCE  "USERID"."GYM_EVENT_SEQ"  MINVALUE 1 MAXVALUE 9999999999999999999999999999 INCREMENT BY 1 START WITH 41 CACHE 20 NOORDER  NOCYCLE ;
--------------------------------------------------------
--  DDL for Sequence GYM_FAQ_SEQ
--------------------------------------------------------

   CREATE SEQUENCE  "USERID"."GYM_FAQ_SEQ"  MINVALUE 1 MAXVALUE 9999999999999999999999999999 INCREMENT BY 1 START WITH 41 CACHE 20 NOORDER  NOCYCLE ;
--------------------------------------------------------
--  DDL for Sequence GYM_INQUIRY_SEQ
--------------------------------------------------------

   CREATE SEQUENCE  "USERID"."GYM_INQUIRY_SEQ"  MINVALUE 1 MAXVALUE 9999999999999999999999999999 INCREMENT BY 1 START WITH 21 CACHE 20 NOORDER  NOCYCLE ;
--------------------------------------------------------
--  DDL for Sequence GYM_MEMBER_SEQ
--------------------------------------------------------

   CREATE SEQUENCE  "USERID"."GYM_MEMBER_SEQ"  MINVALUE 1 MAXVALUE 9999999999999999999999999999 INCREMENT BY 1 START WITH 161 CACHE 20 NOORDER  NOCYCLE ;
--------------------------------------------------------
--  DDL for Sequence GYM_NOTICE_SEQ
--------------------------------------------------------

   CREATE SEQUENCE  "USERID"."GYM_NOTICE_SEQ"  MINVALUE 1 MAXVALUE 9999999999999999999999999999 INCREMENT BY 1 START WITH 121 CACHE 20 NOORDER  NOCYCLE ;
--------------------------------------------------------
--  DDL for Sequence GYM_OUT_MEMBER_SEQ
--------------------------------------------------------

   CREATE SEQUENCE  "USERID"."GYM_OUT_MEMBER_SEQ"  MINVALUE 1 MAXVALUE 9999999999999999999999999999 INCREMENT BY 1 START WITH 21 CACHE 20 NOORDER  NOCYCLE ;
--------------------------------------------------------
--  DDL for Sequence GYM_PAY_SEQ
--------------------------------------------------------

   CREATE SEQUENCE  "USERID"."GYM_PAY_SEQ"  MINVALUE 1 MAXVALUE 9999999999999999999999999999 INCREMENT BY 1 START WITH 41 CACHE 20 NOORDER  NOCYCLE ;
--------------------------------------------------------
--  DDL for Sequence GYM_RECRUITMENT_SEQ
--------------------------------------------------------

   CREATE SEQUENCE  "USERID"."GYM_RECRUITMENT_SEQ"  MINVALUE 1 MAXVALUE 9999999999999999999999999999 INCREMENT BY 1 START WITH 21 CACHE 20 NOORDER  NOCYCLE ;
--------------------------------------------------------
--  DDL for Sequence GYM_REREPLY_SEQ
--------------------------------------------------------

   CREATE SEQUENCE  "USERID"."GYM_REREPLY_SEQ"  MINVALUE 1 MAXVALUE 9999999999999999999999999999 INCREMENT BY 1 START WITH 21 CACHE 20 NOORDER  NOCYCLE ;
--------------------------------------------------------
--  DDL for Sequence GYM_REVIEW_SEQ
--------------------------------------------------------

   CREATE SEQUENCE  "USERID"."GYM_REVIEW_SEQ"  MINVALUE 1 MAXVALUE 9999999999999999999999999999 INCREMENT BY -45 START WITH 0 CACHE 20 NOORDER  NOCYCLE ;
--------------------------------------------------------
--  DDL for Sequence GYM_TEST_SEQ
--------------------------------------------------------

   CREATE SEQUENCE  "USERID"."GYM_TEST_SEQ"  MINVALUE 1 MAXVALUE 9999999999999999999999999999 INCREMENT BY 1 START WITH 1 CACHE 20 NOORDER  NOCYCLE ;
--------------------------------------------------------
--  DDL for Sequence GYM_TRAINNER_SEQ
--------------------------------------------------------

   CREATE SEQUENCE  "USERID"."GYM_TRAINNER_SEQ"  MINVALUE 1 MAXVALUE 9999999999999999999999999999 INCREMENT BY 1 START WITH 21 CACHE 20 NOORDER  NOCYCLE ;
--------------------------------------------------------
--  DDL for Sequence MEMBER_SEQ
--------------------------------------------------------

   CREATE SEQUENCE  "USERID"."MEMBER_SEQ"  MINVALUE 1 MAXVALUE 9999999999999999999999999999 INCREMENT BY 1 START WITH 21 CACHE 20 NOORDER  NOCYCLE ;
--------------------------------------------------------
--  DDL for Sequence MEMBER_TBL_02_SEQ
--------------------------------------------------------

   CREATE SEQUENCE  "USERID"."MEMBER_TBL_02_SEQ"  MINVALUE 1 MAXVALUE 9999999999999999999999999999 INCREMENT BY 1 START WITH 100015 NOCACHE  NOORDER  NOCYCLE ;
--------------------------------------------------------
--  DDL for Sequence MONEY_TBL_02_SEQ
--------------------------------------------------------

   CREATE SEQUENCE  "USERID"."MONEY_TBL_02_SEQ"  MINVALUE 1 MAXVALUE 9999999999999999999999999999 INCREMENT BY 1 START WITH 100001 NOCACHE  NOORDER  NOCYCLE ;
--------------------------------------------------------
--  DDL for Sequence REPLY_BOARD_SEQ
--------------------------------------------------------

   CREATE SEQUENCE  "USERID"."REPLY_BOARD_SEQ"  MINVALUE 1 MAXVALUE 9999999999999999999999999999 INCREMENT BY 1 START WITH 41 CACHE 20 NOORDER  NOCYCLE ;
--------------------------------------------------------
--  DDL for Sequence SIMPLE_BBS_SEQ
--------------------------------------------------------

   CREATE SEQUENCE  "USERID"."SIMPLE_BBS_SEQ"  MINVALUE 1 MAXVALUE 9999999999999999999999999999 INCREMENT BY 1 START WITH 61 CACHE 20 NOORDER  NOCYCLE ;
--------------------------------------------------------
--  DDL for Sequence SONG_ID_SEQ
--------------------------------------------------------

   CREATE SEQUENCE  "USERID"."SONG_ID_SEQ"  MINVALUE 1 MAXVALUE 9999999999999999999999999999 INCREMENT BY 1 START WITH 1 CACHE 20 NOORDER  NOCYCLE ;
--------------------------------------------------------
--  DDL for Sequence SONG_SEQ
--------------------------------------------------------

   CREATE SEQUENCE  "USERID"."SONG_SEQ"  MINVALUE 1 MAXVALUE 9999999999999999999999999999 INCREMENT BY 1 START WITH 121 CACHE 20 NOORDER  NOCYCLE ;
--------------------------------------------------------
--  DDL for Sequence STUDENT_SEQ
--------------------------------------------------------

   CREATE SEQUENCE  "USERID"."STUDENT_SEQ"  MINVALUE 1 MAXVALUE 9999999999999999999999999999 INCREMENT BY 1 START WITH 41 CACHE 20 NOORDER  NOCYCLE ;
--------------------------------------------------------
--  DDL for Table BOARD
--------------------------------------------------------

  CREATE TABLE "USERID"."BOARD" 
   (	"BOARD_IDX" NUMBER(4,0), 
	"BOARD_NAME" VARCHAR2(20 BYTE), 
	"BOARD_TITLE" VARCHAR2(100 BYTE), 
	"BOARD_CONTENT" VARCHAR2(300 BYTE), 
	"BOARD_DATE" DATE DEFAULT sysdate, 
	"BOARD_HIT" NUMBER(4,0) DEFAULT 0
   ) SEGMENT CREATION IMMEDIATE 
  PCTFREE 10 PCTUSED 40 INITRANS 1 MAXTRANS 255 NOCOMPRESS LOGGING
  STORAGE(INITIAL 65536 NEXT 1048576 MINEXTENTS 1 MAXEXTENTS 2147483645
  PCTINCREASE 0 FREELISTS 1 FREELIST GROUPS 1 BUFFER_POOL DEFAULT FLASH_CACHE DEFAULT CELL_FLASH_CACHE DEFAULT)
  TABLESPACE "SYSTEM" ;
--------------------------------------------------------
--  DDL for Table COMPANY_FAQ
--------------------------------------------------------

  CREATE TABLE "USERID"."COMPANY_FAQ" 
   (	"FAQ_IDX" NUMBER(4,0), 
	"FAQ_TITLE" VARCHAR2(100 BYTE), 
	"FAQ_CONTENT" VARCHAR2(2000 BYTE), 
	"FAQ_MEMBER_ID" VARCHAR2(20 BYTE), 
	"FAQ_DATE" DATE DEFAULT sysdate
   ) SEGMENT CREATION IMMEDIATE 
  PCTFREE 10 PCTUSED 40 INITRANS 1 MAXTRANS 255 NOCOMPRESS LOGGING
  STORAGE(INITIAL 65536 NEXT 1048576 MINEXTENTS 1 MAXEXTENTS 2147483645
  PCTINCREASE 0 FREELISTS 1 FREELIST GROUPS 1 BUFFER_POOL DEFAULT FLASH_CACHE DEFAULT CELL_FLASH_CACHE DEFAULT)
  TABLESPACE "SYSTEM" ;
--------------------------------------------------------
--  DDL for Table COMPANY_JOB
--------------------------------------------------------

  CREATE TABLE "USERID"."COMPANY_JOB" 
   (	"JOB_IDX" NUMBER(4,0), 
	"JOB_TITLE" VARCHAR2(100 BYTE), 
	"JOB_CONTENT" VARCHAR2(2000 BYTE), 
	"JOB_MEMBER_ID" VARCHAR2(20 BYTE), 
	"JOB_DATE" DATE DEFAULT sysdate
   ) SEGMENT CREATION IMMEDIATE 
  PCTFREE 10 PCTUSED 40 INITRANS 1 MAXTRANS 255 NOCOMPRESS LOGGING
  STORAGE(INITIAL 65536 NEXT 1048576 MINEXTENTS 1 MAXEXTENTS 2147483645
  PCTINCREASE 0 FREELISTS 1 FREELIST GROUPS 1 BUFFER_POOL DEFAULT FLASH_CACHE DEFAULT CELL_FLASH_CACHE DEFAULT)
  TABLESPACE "SYSTEM" ;
--------------------------------------------------------
--  DDL for Table COMPANY_MEMBER
--------------------------------------------------------

  CREATE TABLE "USERID"."COMPANY_MEMBER" 
   (	"MEMBER_IDX" NUMBER(4,0), 
	"MEMBER_ID" VARCHAR2(20 BYTE), 
	"MEMBER_PW" VARCHAR2(20 BYTE), 
	"MEMBER_NAME" VARCHAR2(20 BYTE), 
	"MEMBER_EMAIL" VARCHAR2(100 BYTE), 
	"MEMBER_EMAIL_RECEIVE" NUMBER(1,0), 
	"MEMBER_PW_QUESTION" NUMBER(10,0), 
	"MEMBER_PW_ANSWER" VARCHAR2(100 BYTE), 
	"MEMBER_GENDER" VARCHAR2(10 BYTE), 
	"MEMBER_BIRTH_DATE" VARCHAR2(20 BYTE), 
	"MEMBER_JOIN_DATE" DATE DEFAULT sysdate
   ) SEGMENT CREATION IMMEDIATE 
  PCTFREE 10 PCTUSED 40 INITRANS 1 MAXTRANS 255 NOCOMPRESS LOGGING
  STORAGE(INITIAL 65536 NEXT 1048576 MINEXTENTS 1 MAXEXTENTS 2147483645
  PCTINCREASE 0 FREELISTS 1 FREELIST GROUPS 1 BUFFER_POOL DEFAULT FLASH_CACHE DEFAULT CELL_FLASH_CACHE DEFAULT)
  TABLESPACE "SYSTEM" ;
--------------------------------------------------------
--  DDL for Table COMPANY_MEMBER2
--------------------------------------------------------

  CREATE TABLE "USERID"."COMPANY_MEMBER2" 
   (	"MEMBER_IDX" NUMBER(20,0), 
	"MEMBER_ID" VARCHAR2(50 BYTE), 
	"MEMBER_PW" VARCHAR2(50 BYTE), 
	"MEMBER_EMAIL" VARCHAR2(100 BYTE), 
	"MEMBER_EMAIL_RECEIVE" NUMBER(1,0), 
	"MEMBER_PW_QUESTION" VARCHAR2(100 BYTE), 
	"MEMBER_PW_ANSWER" VARCHAR2(100 BYTE), 
	"MEMBER_GENDER" VARCHAR2(10 BYTE), 
	"MEMBER_JOIN_DATE" DATE DEFAULT sysdate
   ) SEGMENT CREATION IMMEDIATE 
  PCTFREE 10 PCTUSED 40 INITRANS 1 MAXTRANS 255 NOCOMPRESS LOGGING
  STORAGE(INITIAL 65536 NEXT 1048576 MINEXTENTS 1 MAXEXTENTS 2147483645
  PCTINCREASE 0 FREELISTS 1 FREELIST GROUPS 1 BUFFER_POOL DEFAULT FLASH_CACHE DEFAULT CELL_FLASH_CACHE DEFAULT)
  TABLESPACE "SYSTEM" ;
--------------------------------------------------------
--  DDL for Table COMPANY_NEWS
--------------------------------------------------------

  CREATE TABLE "USERID"."COMPANY_NEWS" 
   (	"NEWS_IDX" NUMBER(4,0), 
	"NEWS_TITLE" VARCHAR2(100 BYTE), 
	"NEWS_CONTENT" VARCHAR2(2000 BYTE), 
	"NEWS_MEMBER_ID" VARCHAR2(20 BYTE), 
	"NEWS_DATE" DATE DEFAULT sysdate
   ) SEGMENT CREATION IMMEDIATE 
  PCTFREE 10 PCTUSED 40 INITRANS 1 MAXTRANS 255 NOCOMPRESS LOGGING
  STORAGE(INITIAL 65536 NEXT 1048576 MINEXTENTS 1 MAXEXTENTS 2147483645
  PCTINCREASE 0 FREELISTS 1 FREELIST GROUPS 1 BUFFER_POOL DEFAULT FLASH_CACHE DEFAULT CELL_FLASH_CACHE DEFAULT)
  TABLESPACE "SYSTEM" ;
--------------------------------------------------------
--  DDL for Table COMPANY_NOTICE
--------------------------------------------------------

  CREATE TABLE "USERID"."COMPANY_NOTICE" 
   (	"NOTICE_IDX" NUMBER(4,0), 
	"NOTICE_TITLE" VARCHAR2(100 BYTE), 
	"NOTICE_CONTENT" VARCHAR2(2000 BYTE), 
	"NOTICE_MEMBER_ID" VARCHAR2(20 BYTE), 
	"NOTICE_DATE" DATE DEFAULT sysdate
   ) SEGMENT CREATION IMMEDIATE 
  PCTFREE 10 PCTUSED 40 INITRANS 1 MAXTRANS 255 NOCOMPRESS LOGGING
  STORAGE(INITIAL 65536 NEXT 1048576 MINEXTENTS 1 MAXEXTENTS 2147483645
  PCTINCREASE 0 FREELISTS 1 FREELIST GROUPS 1 BUFFER_POOL DEFAULT FLASH_CACHE DEFAULT CELL_FLASH_CACHE DEFAULT)
  TABLESPACE "SYSTEM" ;
--------------------------------------------------------
--  DDL for Table COMPANY_ONE2ONE
--------------------------------------------------------

  CREATE TABLE "USERID"."COMPANY_ONE2ONE" 
   (	"ONE2ONE_IDX" NUMBER(4,0), 
	"ONE2ONE_CATEGORY" VARCHAR2(20 BYTE), 
	"ONE2ONE_NAME" VARCHAR2(20 BYTE), 
	"ONE2ONE_PHONE" VARCHAR2(20 BYTE), 
	"ONE2ONE_EMAIL" VARCHAR2(100 BYTE), 
	"ONE2ONE_ADDRESS" VARCHAR2(200 BYTE), 
	"ONE2ONE_TITLE" VARCHAR2(100 BYTE), 
	"ONE2ONE_CONTENT" VARCHAR2(2000 BYTE), 
	"ONE2ONE_DATE" DATE DEFAULT sysdate
   ) SEGMENT CREATION IMMEDIATE 
  PCTFREE 10 PCTUSED 40 INITRANS 1 MAXTRANS 255 NOCOMPRESS LOGGING
  STORAGE(INITIAL 65536 NEXT 1048576 MINEXTENTS 1 MAXEXTENTS 2147483645
  PCTINCREASE 0 FREELISTS 1 FREELIST GROUPS 1 BUFFER_POOL DEFAULT FLASH_CACHE DEFAULT CELL_FLASH_CACHE DEFAULT)
  TABLESPACE "SYSTEM" ;
--------------------------------------------------------
--  DDL for Table COMPANY_QNA
--------------------------------------------------------

  CREATE TABLE "USERID"."COMPANY_QNA" 
   (	"QNA_IDX" NUMBER(4,0), 
	"QNA_NAME" VARCHAR2(20 BYTE), 
	"QNA_PW" VARCHAR2(20 BYTE), 
	"QNA_TITLE" VARCHAR2(100 BYTE), 
	"QNA_CONTENT" VARCHAR2(2000 BYTE), 
	"QNA_DATE" DATE DEFAULT sysdate
   ) SEGMENT CREATION IMMEDIATE 
  PCTFREE 10 PCTUSED 40 INITRANS 1 MAXTRANS 255 NOCOMPRESS LOGGING
  STORAGE(INITIAL 65536 NEXT 1048576 MINEXTENTS 1 MAXEXTENTS 2147483645
  PCTINCREASE 0 FREELISTS 1 FREELIST GROUPS 1 BUFFER_POOL DEFAULT FLASH_CACHE DEFAULT CELL_FLASH_CACHE DEFAULT)
  TABLESPACE "SYSTEM" ;
--------------------------------------------------------
--  DDL for Table GIRL_GROUP
--------------------------------------------------------

  CREATE TABLE "USERID"."GIRL_GROUP" 
   (	"GIRL_GROUP_ID" NUMBER(4,0), 
	"NAME" VARCHAR2(32 BYTE), 
	"DEBUT" DATE, 
	"HIT_SONG_ID" NUMBER(3,0)
   ) SEGMENT CREATION IMMEDIATE 
  PCTFREE 10 PCTUSED 40 INITRANS 1 MAXTRANS 255 NOCOMPRESS LOGGING
  STORAGE(INITIAL 65536 NEXT 1048576 MINEXTENTS 1 MAXEXTENTS 2147483645
  PCTINCREASE 0 FREELISTS 1 FREELIST GROUPS 1 BUFFER_POOL DEFAULT FLASH_CACHE DEFAULT CELL_FLASH_CACHE DEFAULT)
  TABLESPACE "SYSTEM" ;
--------------------------------------------------------
--  DDL for Table GYM_EVENT
--------------------------------------------------------

  CREATE TABLE "USERID"."GYM_EVENT" 
   (	"EVENT_IDX" NUMBER(4,0), 
	"EVENT_NAME" VARCHAR2(20 BYTE), 
	"EVENT_TITLE" VARCHAR2(100 BYTE), 
	"EVENT_CONTENT" VARCHAR2(300 BYTE), 
	"EVENT_DATE" DATE DEFAULT sysdate, 
	"EVENT_HIT" NUMBER(20,0) DEFAULT 0
   ) SEGMENT CREATION IMMEDIATE 
  PCTFREE 10 PCTUSED 40 INITRANS 1 MAXTRANS 255 NOCOMPRESS LOGGING
  STORAGE(INITIAL 65536 NEXT 1048576 MINEXTENTS 1 MAXEXTENTS 2147483645
  PCTINCREASE 0 FREELISTS 1 FREELIST GROUPS 1 BUFFER_POOL DEFAULT FLASH_CACHE DEFAULT CELL_FLASH_CACHE DEFAULT)
  TABLESPACE "SYSTEM" ;
--------------------------------------------------------
--  DDL for Table GYM_FAQ
--------------------------------------------------------

  CREATE TABLE "USERID"."GYM_FAQ" 
   (	"FAQ_IDX" NUMBER(4,0), 
	"FAQ_TITLE" VARCHAR2(100 BYTE), 
	"FAQ_CONTENT" VARCHAR2(1000 BYTE), 
	"FAQ_DATE" DATE DEFAULT sysdate
   ) SEGMENT CREATION IMMEDIATE 
  PCTFREE 10 PCTUSED 40 INITRANS 1 MAXTRANS 255 NOCOMPRESS LOGGING
  STORAGE(INITIAL 65536 NEXT 1048576 MINEXTENTS 1 MAXEXTENTS 2147483645
  PCTINCREASE 0 FREELISTS 1 FREELIST GROUPS 1 BUFFER_POOL DEFAULT FLASH_CACHE DEFAULT CELL_FLASH_CACHE DEFAULT)
  TABLESPACE "SYSTEM" ;
--------------------------------------------------------
--  DDL for Table GYM_INQUIRY
--------------------------------------------------------

  CREATE TABLE "USERID"."GYM_INQUIRY" 
   (	"INQ_IDX" NUMBER(4,0), 
	"INQ_TYPE" VARCHAR2(20 BYTE), 
	"INQ_TITLE" VARCHAR2(100 BYTE), 
	"INQ_NAME" VARCHAR2(20 BYTE), 
	"INQ_CONTENT" VARCHAR2(700 BYTE), 
	"INQ_STATE" VARCHAR2(30 BYTE), 
	"INQ_RE_CONTENT" VARCHAR2(500 BYTE), 
	"INQ_DATE" DATE DEFAULT sysdate, 
	"INQ_MEMBER_IDX" NUMBER(4,0)
   ) SEGMENT CREATION IMMEDIATE 
  PCTFREE 10 PCTUSED 40 INITRANS 1 MAXTRANS 255 NOCOMPRESS LOGGING
  STORAGE(INITIAL 65536 NEXT 1048576 MINEXTENTS 1 MAXEXTENTS 2147483645
  PCTINCREASE 0 FREELISTS 1 FREELIST GROUPS 1 BUFFER_POOL DEFAULT FLASH_CACHE DEFAULT CELL_FLASH_CACHE DEFAULT)
  TABLESPACE "SYSTEM" ;
--------------------------------------------------------
--  DDL for Table GYM_MEMBER
--------------------------------------------------------

  CREATE TABLE "USERID"."GYM_MEMBER" 
   (	"MEMBER_IDX" NUMBER(4,0), 
	"MEMBER_ID" VARCHAR2(20 BYTE), 
	"MEMBER_PW" VARCHAR2(20 BYTE), 
	"MEMBER_NAME" VARCHAR2(20 BYTE), 
	"MEMBER_BIRTH_DATE" VARCHAR2(20 BYTE), 
	"MEMBER_GENDER" VARCHAR2(10 BYTE), 
	"MEMBER_PHONE" VARCHAR2(20 BYTE), 
	"MEMBER_EMAIL" VARCHAR2(100 BYTE), 
	"MEMBER_EMAIL_RECEIVE" NUMBER(10,0), 
	"MEMBER_COUPON01" NUMBER(10,0) DEFAULT 0, 
	"MEMBER_COUPON02" NUMBER(10,0) DEFAULT 0, 
	"MEMBER_LOCKER" NUMBER(10,0) DEFAULT 0, 
	"MEMBER_PAY_SUM" NUMBER(20,0) DEFAULT 0, 
	"MEMBER_AGREE" VARCHAR2(10 BYTE), 
	"MEMBER_JOIN_DATE" DATE DEFAULT sysdate
   ) SEGMENT CREATION IMMEDIATE 
  PCTFREE 10 PCTUSED 40 INITRANS 1 MAXTRANS 255 NOCOMPRESS LOGGING
  STORAGE(INITIAL 65536 NEXT 1048576 MINEXTENTS 1 MAXEXTENTS 2147483645
  PCTINCREASE 0 FREELISTS 1 FREELIST GROUPS 1 BUFFER_POOL DEFAULT FLASH_CACHE DEFAULT CELL_FLASH_CACHE DEFAULT)
  TABLESPACE "SYSTEM" ;
--------------------------------------------------------
--  DDL for Table GYM_NOTICE
--------------------------------------------------------

  CREATE TABLE "USERID"."GYM_NOTICE" 
   (	"NOTICE_IDX" NUMBER(4,0), 
	"NOTICE_NAME" VARCHAR2(20 BYTE), 
	"NOTICE_TITLE" VARCHAR2(100 BYTE), 
	"NOTICE_CONTENT" VARCHAR2(300 BYTE), 
	"NOTICE_DATE" DATE DEFAULT sysdate, 
	"NOTICE_HIT" NUMBER(20,0) DEFAULT 0
   ) SEGMENT CREATION IMMEDIATE 
  PCTFREE 10 PCTUSED 40 INITRANS 1 MAXTRANS 255 NOCOMPRESS LOGGING
  STORAGE(INITIAL 65536 NEXT 1048576 MINEXTENTS 1 MAXEXTENTS 2147483645
  PCTINCREASE 0 FREELISTS 1 FREELIST GROUPS 1 BUFFER_POOL DEFAULT FLASH_CACHE DEFAULT CELL_FLASH_CACHE DEFAULT)
  TABLESPACE "SYSTEM" ;
--------------------------------------------------------
--  DDL for Table GYM_OUT_MEMBER
--------------------------------------------------------

  CREATE TABLE "USERID"."GYM_OUT_MEMBER" 
   (	"OUT_MEMBER_IDX" NUMBER(4,0), 
	"OUT_MEMBER_ID" VARCHAR2(20 BYTE), 
	"OUT_MEMBER_NAME" VARCHAR2(20 BYTE), 
	"OUT_MEMBER_PAY_SUM" VARCHAR2(20 BYTE), 
	"OUT_MEMBER_JOIN_DATE" VARCHAR2(30 BYTE), 
	"OUT_MEMBER_REASON" VARCHAR2(100 BYTE), 
	"OUT_MEMBER_OPINION" VARCHAR2(1000 BYTE), 
	"OUT_MEMBER_DATE" DATE DEFAULT sysdate, 
	"OUT_MEMBER_DATE12" DATE
   ) SEGMENT CREATION IMMEDIATE 
  PCTFREE 10 PCTUSED 40 INITRANS 1 MAXTRANS 255 NOCOMPRESS LOGGING
  STORAGE(INITIAL 65536 NEXT 1048576 MINEXTENTS 1 MAXEXTENTS 2147483645
  PCTINCREASE 0 FREELISTS 1 FREELIST GROUPS 1 BUFFER_POOL DEFAULT FLASH_CACHE DEFAULT CELL_FLASH_CACHE DEFAULT)
  TABLESPACE "SYSTEM" ;
--------------------------------------------------------
--  DDL for Table GYM_PAY
--------------------------------------------------------

  CREATE TABLE "USERID"."GYM_PAY" 
   (	"PAY_IDX" NUMBER(4,0), 
	"PAY_ID" VARCHAR2(30 BYTE), 
	"PAY_NAME" VARCHAR2(30 BYTE), 
	"PAY_MEMBERSHIP" VARCHAR2(40 BYTE), 
	"PAY_COUPON_NUM" NUMBER(4,0), 
	"PAY_AMOUNT" NUMBER(20,0), 
	"PAY_START_DATE" VARCHAR2(30 BYTE), 
	"PAY_END_DATE" VARCHAR2(30 BYTE), 
	"PAY_PAYMENT_DATE" DATE DEFAULT sysdate, 
	"PAY_MEMBER_IDX" NUMBER(4,0)
   ) SEGMENT CREATION IMMEDIATE 
  PCTFREE 10 PCTUSED 40 INITRANS 1 MAXTRANS 255 NOCOMPRESS LOGGING
  STORAGE(INITIAL 65536 NEXT 1048576 MINEXTENTS 1 MAXEXTENTS 2147483645
  PCTINCREASE 0 FREELISTS 1 FREELIST GROUPS 1 BUFFER_POOL DEFAULT FLASH_CACHE DEFAULT CELL_FLASH_CACHE DEFAULT)
  TABLESPACE "SYSTEM" ;
--------------------------------------------------------
--  DDL for Table GYM_RECRUITMENT
--------------------------------------------------------

  CREATE TABLE "USERID"."GYM_RECRUITMENT" 
   (	"RECRUITMENT_IDX" NUMBER(4,0), 
	"RECRUITMENT_NAME" VARCHAR2(20 BYTE), 
	"RECRUITMENT_TITLE" VARCHAR2(100 BYTE), 
	"RECRUITMENT_CONTENT" VARCHAR2(1000 BYTE), 
	"RECRUITMENT_DATE" DATE DEFAULT sysdate, 
	"RECRUITMENT_HIT" NUMBER(20,0) DEFAULT 0
   ) SEGMENT CREATION IMMEDIATE 
  PCTFREE 10 PCTUSED 40 INITRANS 1 MAXTRANS 255 NOCOMPRESS LOGGING
  STORAGE(INITIAL 65536 NEXT 1048576 MINEXTENTS 1 MAXEXTENTS 2147483645
  PCTINCREASE 0 FREELISTS 1 FREELIST GROUPS 1 BUFFER_POOL DEFAULT FLASH_CACHE DEFAULT CELL_FLASH_CACHE DEFAULT)
  TABLESPACE "SYSTEM" ;
--------------------------------------------------------
--  DDL for Table GYM_REREPLY
--------------------------------------------------------

  CREATE TABLE "USERID"."GYM_REREPLY" 
   (	"REREPLY_IDX" NUMBER(10,0), 
	"REREPLY_ID" VARCHAR2(20 BYTE), 
	"REREPLY_NAME" VARCHAR2(20 BYTE), 
	"REREPLY_CONTENT" VARCHAR2(500 BYTE), 
	"REREPLY_DATE" DATE DEFAULT sysdate, 
	"REREPLY_REVIEW_IDX" NUMBER(10,0), 
	"REREPLY_REVIEWMEM_IDX" NUMBER(4,0), 
	"REREPLY_REVIEWMEM_IDX2" NUMBER(4,0)
   ) SEGMENT CREATION IMMEDIATE 
  PCTFREE 10 PCTUSED 40 INITRANS 1 MAXTRANS 255 NOCOMPRESS LOGGING
  STORAGE(INITIAL 65536 NEXT 1048576 MINEXTENTS 1 MAXEXTENTS 2147483645
  PCTINCREASE 0 FREELISTS 1 FREELIST GROUPS 1 BUFFER_POOL DEFAULT FLASH_CACHE DEFAULT CELL_FLASH_CACHE DEFAULT)
  TABLESPACE "SYSTEM" ;
--------------------------------------------------------
--  DDL for Table GYM_REVIEW
--------------------------------------------------------

  CREATE TABLE "USERID"."GYM_REVIEW" 
   (	"REVIEW_IDX" NUMBER(10,0), 
	"REVIEW_ID" VARCHAR2(20 BYTE), 
	"REVIEW_NAME" VARCHAR2(20 BYTE), 
	"REVIEW_TITLE" VARCHAR2(200 BYTE), 
	"REVIEW_CONTENT" VARCHAR2(1000 BYTE), 
	"REVIEW_DATE" DATE DEFAULT sysdate, 
	"REVIEW_HIT" NUMBER(20,0) DEFAULT 0, 
	"REVIEW_REPLY_COUNT" NUMBER(20,0) DEFAULT 0, 
	"REVIEWMEMBER_IDX" NUMBER(4,0)
   ) SEGMENT CREATION IMMEDIATE 
  PCTFREE 10 PCTUSED 40 INITRANS 1 MAXTRANS 255 NOCOMPRESS LOGGING
  STORAGE(INITIAL 65536 NEXT 1048576 MINEXTENTS 1 MAXEXTENTS 2147483645
  PCTINCREASE 0 FREELISTS 1 FREELIST GROUPS 1 BUFFER_POOL DEFAULT FLASH_CACHE DEFAULT CELL_FLASH_CACHE DEFAULT)
  TABLESPACE "SYSTEM" ;
--------------------------------------------------------
--  DDL for Table GYM_SCHEDULE
--------------------------------------------------------

  CREATE TABLE "USERID"."GYM_SCHEDULE" 
   (	"GYM_SCHEDULE_IDX" NUMBER(4,0), 
	"GYM_SCHEDULE_CONTENT" NUMBER(4,0), 
	"GYM_MON101" VARCHAR2(30 BYTE), 
	"GYM_MON102" VARCHAR2(30 BYTE), 
	"GYM_MON103" VARCHAR2(30 BYTE), 
	"GYM_MON104" VARCHAR2(30 BYTE), 
	"GYM_TUE101" VARCHAR2(30 BYTE), 
	"GYM_TUE102" VARCHAR2(30 BYTE), 
	"GYM_TUE103" VARCHAR2(30 BYTE), 
	"GYM_TUE104" VARCHAR2(30 BYTE), 
	"GYM_WED101" VARCHAR2(30 BYTE), 
	"GYM_WED102" VARCHAR2(30 BYTE), 
	"GYM_WED103" VARCHAR2(30 BYTE), 
	"GYM_WED104" VARCHAR2(30 BYTE), 
	"GYM_THU101" VARCHAR2(30 BYTE), 
	"GYM_THU102" VARCHAR2(30 BYTE), 
	"GYM_THU103" VARCHAR2(30 BYTE), 
	"GYM_THU104" VARCHAR2(30 BYTE), 
	"GYM_FRI101" VARCHAR2(30 BYTE), 
	"GYM_FRI102" VARCHAR2(30 BYTE), 
	"GYM_FRI103" VARCHAR2(30 BYTE), 
	"GYM_FRI104" VARCHAR2(30 BYTE), 
	"GYM_SAT101" VARCHAR2(30 BYTE), 
	"GYM_SAT102" VARCHAR2(30 BYTE), 
	"GYM_SAT103" VARCHAR2(30 BYTE), 
	"GYM_SAT104" VARCHAR2(30 BYTE), 
	"GYM_SUN101" VARCHAR2(30 BYTE), 
	"GYM_SUN102" VARCHAR2(30 BYTE), 
	"GYM_SUN103" VARCHAR2(30 BYTE), 
	"GYM_SUN104" VARCHAR2(30 BYTE)
   ) SEGMENT CREATION IMMEDIATE 
  PCTFREE 10 PCTUSED 40 INITRANS 1 MAXTRANS 255 NOCOMPRESS LOGGING
  STORAGE(INITIAL 65536 NEXT 1048576 MINEXTENTS 1 MAXEXTENTS 2147483645
  PCTINCREASE 0 FREELISTS 1 FREELIST GROUPS 1 BUFFER_POOL DEFAULT FLASH_CACHE DEFAULT CELL_FLASH_CACHE DEFAULT)
  TABLESPACE "SYSTEM" ;
--------------------------------------------------------
--  DDL for Table GYM_SCHEDULE2
--------------------------------------------------------

  CREATE TABLE "USERID"."GYM_SCHEDULE2" 
   (	"GYM_SCHEDULE2_IDX" NUMBER(4,0), 
	"GYM_SCHEDULE2_CONTENT" NUMBER(4,0), 
	"GYM_MON201" VARCHAR2(30 BYTE), 
	"GYM_MON202" VARCHAR2(30 BYTE), 
	"GYM_MON203" VARCHAR2(30 BYTE), 
	"GYM_MON204" VARCHAR2(30 BYTE), 
	"GYM_TUE201" VARCHAR2(30 BYTE), 
	"GYM_TUE202" VARCHAR2(30 BYTE), 
	"GYM_TUE203" VARCHAR2(30 BYTE), 
	"GYM_TUE204" VARCHAR2(30 BYTE), 
	"GYM_WED201" VARCHAR2(30 BYTE), 
	"GYM_WED202" VARCHAR2(30 BYTE), 
	"GYM_WED203" VARCHAR2(30 BYTE), 
	"GYM_WED204" VARCHAR2(30 BYTE), 
	"GYM_THU201" VARCHAR2(30 BYTE), 
	"GYM_THU202" VARCHAR2(30 BYTE), 
	"GYM_THU203" VARCHAR2(30 BYTE), 
	"GYM_THU204" VARCHAR2(30 BYTE), 
	"GYM_FRI201" VARCHAR2(30 BYTE), 
	"GYM_FRI202" VARCHAR2(30 BYTE), 
	"GYM_FRI203" VARCHAR2(30 BYTE), 
	"GYM_FRI204" VARCHAR2(30 BYTE), 
	"GYM_SAT201" VARCHAR2(30 BYTE), 
	"GYM_SAT202" VARCHAR2(30 BYTE), 
	"GYM_SAT203" VARCHAR2(30 BYTE), 
	"GYM_SAT204" VARCHAR2(30 BYTE), 
	"GYM_SUN201" VARCHAR2(30 BYTE), 
	"GYM_SUN202" VARCHAR2(30 BYTE), 
	"GYM_SUN203" VARCHAR2(30 BYTE), 
	"GYM_SUN204" VARCHAR2(30 BYTE)
   ) SEGMENT CREATION IMMEDIATE 
  PCTFREE 10 PCTUSED 40 INITRANS 1 MAXTRANS 255 NOCOMPRESS LOGGING
  STORAGE(INITIAL 65536 NEXT 1048576 MINEXTENTS 1 MAXEXTENTS 2147483645
  PCTINCREASE 0 FREELISTS 1 FREELIST GROUPS 1 BUFFER_POOL DEFAULT FLASH_CACHE DEFAULT CELL_FLASH_CACHE DEFAULT)
  TABLESPACE "SYSTEM" ;
--------------------------------------------------------
--  DDL for Table GYM_TRAINNER
--------------------------------------------------------

  CREATE TABLE "USERID"."GYM_TRAINNER" 
   (	"TRAINNER_IDX" NUMBER(4,0), 
	"TRAINNER_INT" VARCHAR2(300 BYTE), 
	"TRAINNER_CONTENT" VARCHAR2(3000 BYTE), 
	"TRAINNER_IMG" CLOB
   ) SEGMENT CREATION IMMEDIATE 
  PCTFREE 10 PCTUSED 40 INITRANS 1 MAXTRANS 255 NOCOMPRESS LOGGING
  STORAGE(INITIAL 65536 NEXT 1048576 MINEXTENTS 1 MAXEXTENTS 2147483645
  PCTINCREASE 0 FREELISTS 1 FREELIST GROUPS 1 BUFFER_POOL DEFAULT FLASH_CACHE DEFAULT CELL_FLASH_CACHE DEFAULT)
  TABLESPACE "SYSTEM" 
 LOB ("TRAINNER_IMG") STORE AS BASICFILE (
  TABLESPACE "SYSTEM" ENABLE STORAGE IN ROW CHUNK 8192 RETENTION 
  NOCACHE LOGGING 
  STORAGE(INITIAL 65536 NEXT 1048576 MINEXTENTS 1 MAXEXTENTS 2147483645
  PCTINCREASE 0 FREELISTS 1 FREELIST GROUPS 1 BUFFER_POOL DEFAULT FLASH_CACHE DEFAULT CELL_FLASH_CACHE DEFAULT)) ;
--------------------------------------------------------
--  DDL for Table JOIN_A
--------------------------------------------------------

  CREATE TABLE "USERID"."JOIN_A" 
   (	"NO" NUMBER(4,0)
   ) SEGMENT CREATION IMMEDIATE 
  PCTFREE 10 PCTUSED 40 INITRANS 1 MAXTRANS 255 NOCOMPRESS LOGGING
  STORAGE(INITIAL 65536 NEXT 1048576 MINEXTENTS 1 MAXEXTENTS 2147483645
  PCTINCREASE 0 FREELISTS 1 FREELIST GROUPS 1 BUFFER_POOL DEFAULT FLASH_CACHE DEFAULT CELL_FLASH_CACHE DEFAULT)
  TABLESPACE "SYSTEM" ;
--------------------------------------------------------
--  DDL for Table JOIN_B
--------------------------------------------------------

  CREATE TABLE "USERID"."JOIN_B" 
   (	"NO" NUMBER(4,0)
   ) SEGMENT CREATION IMMEDIATE 
  PCTFREE 10 PCTUSED 40 INITRANS 1 MAXTRANS 255 NOCOMPRESS LOGGING
  STORAGE(INITIAL 65536 NEXT 1048576 MINEXTENTS 1 MAXEXTENTS 2147483645
  PCTINCREASE 0 FREELISTS 1 FREELIST GROUPS 1 BUFFER_POOL DEFAULT FLASH_CACHE DEFAULT CELL_FLASH_CACHE DEFAULT)
  TABLESPACE "SYSTEM" ;
--------------------------------------------------------
--  DDL for Table JSP_MEMBER
--------------------------------------------------------

  CREATE TABLE "USERID"."JSP_MEMBER" 
   (	"ID" VARCHAR2(50 BYTE), 
	"PASSWORD" VARCHAR2(50 BYTE), 
	"NAME" VARCHAR2(50 BYTE), 
	"GENDER" VARCHAR2(10 BYTE), 
	"BIRTH" DATE, 
	"MAIL" VARCHAR2(100 BYTE), 
	"PHONE" VARCHAR2(50 BYTE), 
	"ADDRESS" VARCHAR2(200 BYTE), 
	"REG" DATE DEFAULT sysdate
   ) SEGMENT CREATION IMMEDIATE 
  PCTFREE 10 PCTUSED 40 INITRANS 1 MAXTRANS 255 NOCOMPRESS LOGGING
  STORAGE(INITIAL 65536 NEXT 1048576 MINEXTENTS 1 MAXEXTENTS 2147483645
  PCTINCREASE 0 FREELISTS 1 FREELIST GROUPS 1 BUFFER_POOL DEFAULT FLASH_CACHE DEFAULT CELL_FLASH_CACHE DEFAULT)
  TABLESPACE "SYSTEM" ;
--------------------------------------------------------
--  DDL for Table LICENSE
--------------------------------------------------------

  CREATE TABLE "USERID"."LICENSE" 
   (	"SABEON" VARCHAR2(20 BYTE), 
	"LICENSE_NM" VARCHAR2(40 BYTE)
   ) SEGMENT CREATION IMMEDIATE 
  PCTFREE 10 PCTUSED 40 INITRANS 1 MAXTRANS 255 NOCOMPRESS LOGGING
  STORAGE(INITIAL 65536 NEXT 1048576 MINEXTENTS 1 MAXEXTENTS 2147483645
  PCTINCREASE 0 FREELISTS 1 FREELIST GROUPS 1 BUFFER_POOL DEFAULT FLASH_CACHE DEFAULT CELL_FLASH_CACHE DEFAULT)
  TABLESPACE "SYSTEM" ;
--------------------------------------------------------
--  DDL for Table MEMBER
--------------------------------------------------------

  CREATE TABLE "USERID"."MEMBER" 
   (	"ID" NUMBER(19,0), 
	"AGE" NUMBER(10,0), 
	"NAME" VARCHAR2(255 CHAR)
   ) SEGMENT CREATION IMMEDIATE 
  PCTFREE 10 PCTUSED 40 INITRANS 1 MAXTRANS 255 NOCOMPRESS LOGGING
  STORAGE(INITIAL 65536 NEXT 1048576 MINEXTENTS 1 MAXEXTENTS 2147483645
  PCTINCREASE 0 FREELISTS 1 FREELIST GROUPS 1 BUFFER_POOL DEFAULT FLASH_CACHE DEFAULT CELL_FLASH_CACHE DEFAULT)
  TABLESPACE "SYSTEM" ;
--------------------------------------------------------
--  DDL for Table MEMBER_TBL_02
--------------------------------------------------------

  CREATE TABLE "USERID"."MEMBER_TBL_02" 
   (	"CUSTNO" NUMBER(6,0), 
	"CUSTNAME" VARCHAR2(20 BYTE), 
	"PHONE" VARCHAR2(13 BYTE), 
	"ADDRESS" VARCHAR2(60 BYTE), 
	"JOINDATE" DATE DEFAULT sysdate, 
	"GRADE" CHAR(1 BYTE), 
	"CITY" CHAR(2 BYTE)
   ) SEGMENT CREATION IMMEDIATE 
  PCTFREE 10 PCTUSED 40 INITRANS 1 MAXTRANS 255 NOCOMPRESS LOGGING
  STORAGE(INITIAL 65536 NEXT 1048576 MINEXTENTS 1 MAXEXTENTS 2147483645
  PCTINCREASE 0 FREELISTS 1 FREELIST GROUPS 1 BUFFER_POOL DEFAULT FLASH_CACHE DEFAULT CELL_FLASH_CACHE DEFAULT)
  TABLESPACE "SYSTEM" ;
--------------------------------------------------------
--  DDL for Table MONEY_TBL_02
--------------------------------------------------------

  CREATE TABLE "USERID"."MONEY_TBL_02" 
   (	"CUSTNO" NUMBER(6,0), 
	"SALENOL" NUMBER(8,0), 
	"PCOST" NUMBER(8,0), 
	"AMOUNT" NUMBER(4,0), 
	"PRICE" NUMBER(8,0), 
	"PCODE" VARCHAR2(4 BYTE), 
	"SDATE" DATE DEFAULT sysdate
   ) SEGMENT CREATION IMMEDIATE 
  PCTFREE 10 PCTUSED 40 INITRANS 1 MAXTRANS 255 NOCOMPRESS LOGGING
  STORAGE(INITIAL 65536 NEXT 1048576 MINEXTENTS 1 MAXEXTENTS 2147483645
  PCTINCREASE 0 FREELISTS 1 FREELIST GROUPS 1 BUFFER_POOL DEFAULT FLASH_CACHE DEFAULT CELL_FLASH_CACHE DEFAULT)
  TABLESPACE "SYSTEM" ;
--------------------------------------------------------
--  DDL for Table REPLY
--------------------------------------------------------

  CREATE TABLE "USERID"."REPLY" 
   (	"REPLY_IDX" NUMBER(4,0), 
	"REPLY_NAME" VARCHAR2(20 BYTE), 
	"REPLY_CONTENT" VARCHAR2(300 BYTE), 
	"REPLY_DATE" DATE DEFAULT sysdate, 
	"REPLY_BOARD_IDX" NUMBER(4,0)
   ) SEGMENT CREATION IMMEDIATE 
  PCTFREE 10 PCTUSED 40 INITRANS 1 MAXTRANS 255 NOCOMPRESS LOGGING
  STORAGE(INITIAL 65536 NEXT 1048576 MINEXTENTS 1 MAXEXTENTS 2147483645
  PCTINCREASE 0 FREELISTS 1 FREELIST GROUPS 1 BUFFER_POOL DEFAULT FLASH_CACHE DEFAULT CELL_FLASH_CACHE DEFAULT)
  TABLESPACE "SYSTEM" ;
--------------------------------------------------------
--  DDL for Table SAWON
--------------------------------------------------------

  CREATE TABLE "USERID"."SAWON" 
   (	"SABEON" VARCHAR2(20 BYTE), 
	"NAME" VARCHAR2(20 BYTE), 
	"RANK" VARCHAR2(20 BYTE)
   ) SEGMENT CREATION IMMEDIATE 
  PCTFREE 10 PCTUSED 40 INITRANS 1 MAXTRANS 255 NOCOMPRESS LOGGING
  STORAGE(INITIAL 65536 NEXT 1048576 MINEXTENTS 1 MAXEXTENTS 2147483645
  PCTINCREASE 0 FREELISTS 1 FREELIST GROUPS 1 BUFFER_POOL DEFAULT FLASH_CACHE DEFAULT CELL_FLASH_CACHE DEFAULT)
  TABLESPACE "SYSTEM" ;
--------------------------------------------------------
--  DDL for Table SIMPLE_BBS
--------------------------------------------------------

  CREATE TABLE "USERID"."SIMPLE_BBS" 
   (	"ID" NUMBER(4,0), 
	"WRITER" VARCHAR2(100 BYTE), 
	"TITLE" VARCHAR2(100 BYTE), 
	"CONTENT" VARCHAR2(100 BYTE)
   ) SEGMENT CREATION IMMEDIATE 
  PCTFREE 10 PCTUSED 40 INITRANS 1 MAXTRANS 255 NOCOMPRESS LOGGING
  STORAGE(INITIAL 65536 NEXT 1048576 MINEXTENTS 1 MAXEXTENTS 2147483645
  PCTINCREASE 0 FREELISTS 1 FREELIST GROUPS 1 BUFFER_POOL DEFAULT FLASH_CACHE DEFAULT CELL_FLASH_CACHE DEFAULT)
  TABLESPACE "SYSTEM" ;
--------------------------------------------------------
--  DDL for Table SONG
--------------------------------------------------------

  CREATE TABLE "USERID"."SONG" 
   (	"SONG_ID" NUMBER(3,0), 
	"TITLE" VARCHAR2(100 BYTE), 
	"LYRICS" VARCHAR2(100 BYTE)
   ) SEGMENT CREATION IMMEDIATE 
  PCTFREE 10 PCTUSED 40 INITRANS 1 MAXTRANS 255 NOCOMPRESS LOGGING
  STORAGE(INITIAL 65536 NEXT 1048576 MINEXTENTS 1 MAXEXTENTS 2147483645
  PCTINCREASE 0 FREELISTS 1 FREELIST GROUPS 1 BUFFER_POOL DEFAULT FLASH_CACHE DEFAULT CELL_FLASH_CACHE DEFAULT)
  TABLESPACE "SYSTEM" ;
--------------------------------------------------------
--  DDL for Table STUDENT
--------------------------------------------------------

  CREATE TABLE "USERID"."STUDENT" 
   (	"STUDENT_NO" NUMBER(4,0), 
	"NAME" VARCHAR2(20 BYTE), 
	"AGE" NUMBER(4,0), 
	"PHONE" VARCHAR2(20 BYTE), 
	"ADDRESS" VARCHAR2(100 BYTE), 
	"MEMO" VARCHAR2(200 BYTE)
   ) SEGMENT CREATION IMMEDIATE 
  PCTFREE 10 PCTUSED 40 INITRANS 1 MAXTRANS 255 NOCOMPRESS LOGGING
  STORAGE(INITIAL 65536 NEXT 1048576 MINEXTENTS 1 MAXEXTENTS 2147483645
  PCTINCREASE 0 FREELISTS 1 FREELIST GROUPS 1 BUFFER_POOL DEFAULT FLASH_CACHE DEFAULT CELL_FLASH_CACHE DEFAULT)
  TABLESPACE "SYSTEM" ;
--------------------------------------------------------
--  DDL for Table TRANSACTION1
--------------------------------------------------------

  CREATE TABLE "USERID"."TRANSACTION1" 
   (	"CONSUMERID" VARCHAR2(10 BYTE), 
	"AMOUNT" NUMBER
   ) SEGMENT CREATION IMMEDIATE 
  PCTFREE 10 PCTUSED 40 INITRANS 1 MAXTRANS 255 NOCOMPRESS LOGGING
  STORAGE(INITIAL 65536 NEXT 1048576 MINEXTENTS 1 MAXEXTENTS 2147483645
  PCTINCREASE 0 FREELISTS 1 FREELIST GROUPS 1 BUFFER_POOL DEFAULT FLASH_CACHE DEFAULT CELL_FLASH_CACHE DEFAULT)
  TABLESPACE "SYSTEM" ;
--------------------------------------------------------
--  DDL for Table TRANSACTION2
--------------------------------------------------------

  CREATE TABLE "USERID"."TRANSACTION2" 
   (	"CONSUMERID" VARCHAR2(10 BYTE), 
	"AMOUNT" NUMBER
   ) SEGMENT CREATION IMMEDIATE 
  PCTFREE 10 PCTUSED 40 INITRANS 1 MAXTRANS 255 NOCOMPRESS LOGGING
  STORAGE(INITIAL 65536 NEXT 1048576 MINEXTENTS 1 MAXEXTENTS 2147483645
  PCTINCREASE 0 FREELISTS 1 FREELIST GROUPS 1 BUFFER_POOL DEFAULT FLASH_CACHE DEFAULT CELL_FLASH_CACHE DEFAULT)
  TABLESPACE "SYSTEM" ;
REM INSERTING into USERID.BOARD
SET DEFINE OFF;
Insert into USERID.BOARD (BOARD_IDX,BOARD_NAME,BOARD_TITLE,BOARD_CONTENT,BOARD_DATE,BOARD_HIT) values (1,'홍길동','글 제목1','글 내용1',to_date('21/02/23','RR/MM/DD'),26);
Insert into USERID.BOARD (BOARD_IDX,BOARD_NAME,BOARD_TITLE,BOARD_CONTENT,BOARD_DATE,BOARD_HIT) values (2,'변사또','글 제목2','글 내용2',to_date('21/02/23','RR/MM/DD'),80);
Insert into USERID.BOARD (BOARD_IDX,BOARD_NAME,BOARD_TITLE,BOARD_CONTENT,BOARD_DATE,BOARD_HIT) values (21,'아이언맨','글 제목55','글 내용4555',to_date('21/02/24','RR/MM/DD'),31);
REM INSERTING into USERID.COMPANY_FAQ
SET DEFINE OFF;
Insert into USERID.COMPANY_FAQ (FAQ_IDX,FAQ_TITLE,FAQ_CONTENT,FAQ_MEMBER_ID,FAQ_DATE) values (1,'자주하는 질문 모음입니다1','자주하는 질문 모음입니다. \n 자주하는 질문 모음입니다. \n 자주하는 질문 모음입니다. \n 자주하는 질문 모음입니다. \n','관리자',to_date('21/03/04','RR/MM/DD'));
Insert into USERID.COMPANY_FAQ (FAQ_IDX,FAQ_TITLE,FAQ_CONTENT,FAQ_MEMBER_ID,FAQ_DATE) values (2,'자주하는 질문 모음입니다2','자주하는 질문 모음입니다.
자주하는 질문 모음입니다.','관리자',to_date('21/03/04','RR/MM/DD'));
Insert into USERID.COMPANY_FAQ (FAQ_IDX,FAQ_TITLE,FAQ_CONTENT,FAQ_MEMBER_ID,FAQ_DATE) values (4,'자주하는 질문 모음입니다3','자주하는 질문 모음입니다. 
자주하는 질문 모음입니다. 
자주하는 질문 모음입니다. 
자주하는 질문 모음입니다.','관리자',to_date('21/03/04','RR/MM/DD'));
Insert into USERID.COMPANY_FAQ (FAQ_IDX,FAQ_TITLE,FAQ_CONTENT,FAQ_MEMBER_ID,FAQ_DATE) values (5,'자주하는 질문 모음입니다4','자주하는 질문 모음입니다. \r\n
자주하는 질문 모음입니다. \r\n
자주하는 질문 모음입니다. \r\n
자주하는 질문 모음입니다.','관리자',to_date('21/03/04','RR/MM/DD'));
Insert into USERID.COMPANY_FAQ (FAQ_IDX,FAQ_TITLE,FAQ_CONTENT,FAQ_MEMBER_ID,FAQ_DATE) values (6,'자주하는 질문 모음입니다5','자주하는 질문 모음입니다. (\r\n)
자주하는 질문 모음입니다. (\r\n)
자주하는 질문 모음입니다. (\r\n)
자주하는 질문 모음입니다.','관리자',to_date('21/03/04','RR/MM/DD'));
REM INSERTING into USERID.COMPANY_JOB
SET DEFINE OFF;
Insert into USERID.COMPANY_JOB (JOB_IDX,JOB_TITLE,JOB_CONTENT,JOB_MEMBER_ID,JOB_DATE) values (1,'채용소식을 안내해 드립니다1','채용소식을 안내해 드립니다1','관리자',to_date('21/03/04','RR/MM/DD'));
Insert into USERID.COMPANY_JOB (JOB_IDX,JOB_TITLE,JOB_CONTENT,JOB_MEMBER_ID,JOB_DATE) values (2,'채용소식을 안내해 드립니다2','채용소식을 안내해 드립니다2','관리자',to_date('21/03/04','RR/MM/DD'));
Insert into USERID.COMPANY_JOB (JOB_IDX,JOB_TITLE,JOB_CONTENT,JOB_MEMBER_ID,JOB_DATE) values (3,'채용소식을 안내해 드립니다3','채용소식을 안내해 드립니다3','관리자',to_date('21/03/04','RR/MM/DD'));
Insert into USERID.COMPANY_JOB (JOB_IDX,JOB_TITLE,JOB_CONTENT,JOB_MEMBER_ID,JOB_DATE) values (4,'채용소식을 안내해 드립니다4','채용소식을 안내해 드립니다4','관리자',to_date('21/03/04','RR/MM/DD'));
Insert into USERID.COMPANY_JOB (JOB_IDX,JOB_TITLE,JOB_CONTENT,JOB_MEMBER_ID,JOB_DATE) values (5,'채용소식을 안내해 드립니다5','채용소식을 안내해 드립니다5','관리자',to_date('21/03/04','RR/MM/DD'));
REM INSERTING into USERID.COMPANY_MEMBER
SET DEFINE OFF;
Insert into USERID.COMPANY_MEMBER (MEMBER_IDX,MEMBER_ID,MEMBER_PW,MEMBER_NAME,MEMBER_EMAIL,MEMBER_EMAIL_RECEIVE,MEMBER_PW_QUESTION,MEMBER_PW_ANSWER,MEMBER_GENDER,MEMBER_BIRTH_DATE,MEMBER_JOIN_DATE) values (1,'aaaa','a12345678','이','aaa',0,15,'aaa','female','1900',to_date('21/02/25','RR/MM/DD'));
Insert into USERID.COMPANY_MEMBER (MEMBER_IDX,MEMBER_ID,MEMBER_PW,MEMBER_NAME,MEMBER_EMAIL,MEMBER_EMAIL_RECEIVE,MEMBER_PW_QUESTION,MEMBER_PW_ANSWER,MEMBER_GENDER,MEMBER_BIRTH_DATE,MEMBER_JOIN_DATE) values (2,'aaaa','a12345678','이','aaa',1,2,'aaa','male','1900',to_date('21/02/26','RR/MM/DD'));
Insert into USERID.COMPANY_MEMBER (MEMBER_IDX,MEMBER_ID,MEMBER_PW,MEMBER_NAME,MEMBER_EMAIL,MEMBER_EMAIL_RECEIVE,MEMBER_PW_QUESTION,MEMBER_PW_ANSWER,MEMBER_GENDER,MEMBER_BIRTH_DATE,MEMBER_JOIN_DATE) values (3,'aaaa','a12345678','이','aaa',1,2,'aaa','male','1900',to_date('21/02/26','RR/MM/DD'));
Insert into USERID.COMPANY_MEMBER (MEMBER_IDX,MEMBER_ID,MEMBER_PW,MEMBER_NAME,MEMBER_EMAIL,MEMBER_EMAIL_RECEIVE,MEMBER_PW_QUESTION,MEMBER_PW_ANSWER,MEMBER_GENDER,MEMBER_BIRTH_DATE,MEMBER_JOIN_DATE) values (4,'aaaa','12345678a','김','aaa',1,2,'bbb','female','1903',to_date('21/02/26','RR/MM/DD'));
Insert into USERID.COMPANY_MEMBER (MEMBER_IDX,MEMBER_ID,MEMBER_PW,MEMBER_NAME,MEMBER_EMAIL,MEMBER_EMAIL_RECEIVE,MEMBER_PW_QUESTION,MEMBER_PW_ANSWER,MEMBER_GENDER,MEMBER_BIRTH_DATE,MEMBER_JOIN_DATE) values (5,'cccc','a12345678','이','aaaaaa',1,3,'bbb','male','1918',to_date('21/02/26','RR/MM/DD'));
Insert into USERID.COMPANY_MEMBER (MEMBER_IDX,MEMBER_ID,MEMBER_PW,MEMBER_NAME,MEMBER_EMAIL,MEMBER_EMAIL_RECEIVE,MEMBER_PW_QUESTION,MEMBER_PW_ANSWER,MEMBER_GENDER,MEMBER_BIRTH_DATE,MEMBER_JOIN_DATE) values (6,'ddddd','a12345678','이','bbbbb',1,2,'aaa','male','1907',to_date('21/02/26','RR/MM/DD'));
Insert into USERID.COMPANY_MEMBER (MEMBER_IDX,MEMBER_ID,MEMBER_PW,MEMBER_NAME,MEMBER_EMAIL,MEMBER_EMAIL_RECEIVE,MEMBER_PW_QUESTION,MEMBER_PW_ANSWER,MEMBER_GENDER,MEMBER_BIRTH_DATE,MEMBER_JOIN_DATE) values (7,'abcd','a12345678','이','aaa',0,2,'ccccc','female','19170111',to_date('21/02/26','RR/MM/DD'));
Insert into USERID.COMPANY_MEMBER (MEMBER_IDX,MEMBER_ID,MEMBER_PW,MEMBER_NAME,MEMBER_EMAIL,MEMBER_EMAIL_RECEIVE,MEMBER_PW_QUESTION,MEMBER_PW_ANSWER,MEMBER_GENDER,MEMBER_BIRTH_DATE,MEMBER_JOIN_DATE) values (8,'abcd','a12345678','이','aaaaaa',0,4,'ccccc','male','19000111',to_date('21/02/26','RR/MM/DD'));
Insert into USERID.COMPANY_MEMBER (MEMBER_IDX,MEMBER_ID,MEMBER_PW,MEMBER_NAME,MEMBER_EMAIL,MEMBER_EMAIL_RECEIVE,MEMBER_PW_QUESTION,MEMBER_PW_ANSWER,MEMBER_GENDER,MEMBER_BIRTH_DATE,MEMBER_JOIN_DATE) values (9,'qwer','a12345678','이이','aaaaaa',0,1,'ㅁㅁㅁ','male','1934/0111',to_date('21/02/26','RR/MM/DD'));
Insert into USERID.COMPANY_MEMBER (MEMBER_IDX,MEMBER_ID,MEMBER_PW,MEMBER_NAME,MEMBER_EMAIL,MEMBER_EMAIL_RECEIVE,MEMBER_PW_QUESTION,MEMBER_PW_ANSWER,MEMBER_GENDER,MEMBER_BIRTH_DATE,MEMBER_JOIN_DATE) values (10,'qazs','a12345678','이이','abc@acb.com',0,4,'ccccc','male','1917/03/17',to_date('21/02/26','RR/MM/DD'));
REM INSERTING into USERID.COMPANY_MEMBER2
SET DEFINE OFF;
REM INSERTING into USERID.COMPANY_NEWS
SET DEFINE OFF;
Insert into USERID.COMPANY_NEWS (NEWS_IDX,NEWS_TITLE,NEWS_CONTENT,NEWS_MEMBER_ID,NEWS_DATE) values (2,'홍보자료를 소개합니다1','홍보자료를 소개합니다1','관리자',to_date('21/03/03','RR/MM/DD'));
Insert into USERID.COMPANY_NEWS (NEWS_IDX,NEWS_TITLE,NEWS_CONTENT,NEWS_MEMBER_ID,NEWS_DATE) values (3,'홍보자료를 소개합니다2','홍보자료를 소개합니다2','관리자',to_date('21/03/03','RR/MM/DD'));
Insert into USERID.COMPANY_NEWS (NEWS_IDX,NEWS_TITLE,NEWS_CONTENT,NEWS_MEMBER_ID,NEWS_DATE) values (4,'홍보자료를 소개합니다3','홍보자료를 소개합니다3','관리자',to_date('21/03/03','RR/MM/DD'));
Insert into USERID.COMPANY_NEWS (NEWS_IDX,NEWS_TITLE,NEWS_CONTENT,NEWS_MEMBER_ID,NEWS_DATE) values (5,'홍보자료를 소개합니다4','홍보자료를 소개합니다4','관리자',to_date('21/03/03','RR/MM/DD'));
Insert into USERID.COMPANY_NEWS (NEWS_IDX,NEWS_TITLE,NEWS_CONTENT,NEWS_MEMBER_ID,NEWS_DATE) values (6,'홍보자료를 소개합니다5','홍보자료를 소개합니다5','관리자',to_date('21/03/03','RR/MM/DD'));
REM INSERTING into USERID.COMPANY_NOTICE
SET DEFINE OFF;
Insert into USERID.COMPANY_NOTICE (NOTICE_IDX,NOTICE_TITLE,NOTICE_CONTENT,NOTICE_MEMBER_ID,NOTICE_DATE) values (41,'새로운 공지사항을 알려드립니다','새로운 공지사항을 알려드립니다','관리자',to_date('21/03/03','RR/MM/DD'));
Insert into USERID.COMPANY_NOTICE (NOTICE_IDX,NOTICE_TITLE,NOTICE_CONTENT,NOTICE_MEMBER_ID,NOTICE_DATE) values (42,'새로운 공지사항을 알려드립니다','새로운 공지사항을 알려드립니다','관리자',to_date('21/03/03','RR/MM/DD'));
Insert into USERID.COMPANY_NOTICE (NOTICE_IDX,NOTICE_TITLE,NOTICE_CONTENT,NOTICE_MEMBER_ID,NOTICE_DATE) values (43,'새로운 공지사항을 알려드립니다','새로운 공지사항을 알려드립니다','관리자',to_date('21/03/03','RR/MM/DD'));
Insert into USERID.COMPANY_NOTICE (NOTICE_IDX,NOTICE_TITLE,NOTICE_CONTENT,NOTICE_MEMBER_ID,NOTICE_DATE) values (44,'새로운 공지사항을 알려드립니다','새로운 공지사항을 알려드립니다','관리자',to_date('21/03/03','RR/MM/DD'));
Insert into USERID.COMPANY_NOTICE (NOTICE_IDX,NOTICE_TITLE,NOTICE_CONTENT,NOTICE_MEMBER_ID,NOTICE_DATE) values (45,'새로운 공지사항을 알려드립니다','새로운 공지사항을 알려드립니다','관리자',to_date('21/03/03','RR/MM/DD'));
Insert into USERID.COMPANY_NOTICE (NOTICE_IDX,NOTICE_TITLE,NOTICE_CONTENT,NOTICE_MEMBER_ID,NOTICE_DATE) values (1,'새로운 공지사항을 안내해 드립니다6','새로운 공지사항을 안내해 드립니다6','관리자',to_date('21/03/04','RR/MM/DD'));
REM INSERTING into USERID.COMPANY_ONE2ONE
SET DEFINE OFF;
Insert into USERID.COMPANY_ONE2ONE (ONE2ONE_IDX,ONE2ONE_CATEGORY,ONE2ONE_NAME,ONE2ONE_PHONE,ONE2ONE_EMAIL,ONE2ONE_ADDRESS,ONE2ONE_TITLE,ONE2ONE_CONTENT,ONE2ONE_DATE) values (1,'제품문의','홍길동','010-1111-1111','aaaa@naver.com','한양','테스트','테스트

db직접 입력시

줄바꿈 하는 방법은?',to_date('21/03/04','RR/MM/DD'));
Insert into USERID.COMPANY_ONE2ONE (ONE2ONE_IDX,ONE2ONE_CATEGORY,ONE2ONE_NAME,ONE2ONE_PHONE,ONE2ONE_EMAIL,ONE2ONE_ADDRESS,ONE2ONE_TITLE,ONE2ONE_CONTENT,ONE2ONE_DATE) values (2,'사업문의','홍','010-1111-2222','aaaa1@naver.com','한양','테스트2','테스트

테스트',to_date('21/03/04','RR/MM/DD'));
Insert into USERID.COMPANY_ONE2ONE (ONE2ONE_IDX,ONE2ONE_CATEGORY,ONE2ONE_NAME,ONE2ONE_PHONE,ONE2ONE_EMAIL,ONE2ONE_ADDRESS,ONE2ONE_TITLE,ONE2ONE_CONTENT,ONE2ONE_DATE) values (3,'사업문의','줄바꿈','010-1111-1111','aaaa@naver.com','한양','줄바꿈테스트','테스트

테스트


테스트  줄바꿈?',to_date('21/03/04','RR/MM/DD'));
Insert into USERID.COMPANY_ONE2ONE (ONE2ONE_IDX,ONE2ONE_CATEGORY,ONE2ONE_NAME,ONE2ONE_PHONE,ONE2ONE_EMAIL,ONE2ONE_ADDRESS,ONE2ONE_TITLE,ONE2ONE_CONTENT,ONE2ONE_DATE) values (4,'제품문의','줄바꿈투','010-1111-1111','aaaa@naver.com','한양','줄바꿈테스트2','제목 띄어쓰기하면 입력하라고 뜨는 것 처리

한 줄 띄우기


두 줄 띄우기',to_date('21/03/04','RR/MM/DD'));
Insert into USERID.COMPANY_ONE2ONE (ONE2ONE_IDX,ONE2ONE_CATEGORY,ONE2ONE_NAME,ONE2ONE_PHONE,ONE2ONE_EMAIL,ONE2ONE_ADDRESS,ONE2ONE_TITLE,ONE2ONE_CONTENT,ONE2ONE_DATE) values (5,'사업문의','홍길동','010-1111-1111','aaaa@naver.com','서울시 노원구','줄바꿈 테스트','제목 공백은
해결되었나?

줄바꿈',to_date('21/03/04','RR/MM/DD'));
REM INSERTING into USERID.COMPANY_QNA
SET DEFINE OFF;
Insert into USERID.COMPANY_QNA (QNA_IDX,QNA_NAME,QNA_PW,QNA_TITLE,QNA_CONTENT,QNA_DATE) values (1,'작성자1','1234.','문의사항에 대해 자세한 답변 부탁합니다.1','문의사항에 대해 자세한 답변 부탁합니다.1',to_date('21/03/05','RR/MM/DD'));
Insert into USERID.COMPANY_QNA (QNA_IDX,QNA_NAME,QNA_PW,QNA_TITLE,QNA_CONTENT,QNA_DATE) values (21,'테스터2',null,'테스트22','<p>테스트2</p>

<p>&nbsp;</p>

<p>수정?</p>

<p>다음 줄</p>
',to_date('21/03/07','RR/MM/DD'));
Insert into USERID.COMPANY_QNA (QNA_IDX,QNA_NAME,QNA_PW,QNA_TITLE,QNA_CONTENT,QNA_DATE) values (61,'테스터','1234','테스트22','<p>112</p>
',to_date('21/04/27','RR/MM/DD'));
REM INSERTING into USERID.GIRL_GROUP
SET DEFINE OFF;
Insert into USERID.GIRL_GROUP (GIRL_GROUP_ID,NAME,DEBUT,HIT_SONG_ID) values (1,'원더걸스',to_date('07/09/12','RR/MM/DD'),101);
Insert into USERID.GIRL_GROUP (GIRL_GROUP_ID,NAME,DEBUT,HIT_SONG_ID) values (2,'소녀시대',to_date('09/06/03','RR/MM/DD'),102);
Insert into USERID.GIRL_GROUP (GIRL_GROUP_ID,NAME,DEBUT,HIT_SONG_ID) values (3,'카라',to_date('09/07/30','RR/MM/DD'),103);
Insert into USERID.GIRL_GROUP (GIRL_GROUP_ID,NAME,DEBUT,HIT_SONG_ID) values (4,'브라운아이드걸스',to_date('08/01/17','RR/MM/DD'),104);
Insert into USERID.GIRL_GROUP (GIRL_GROUP_ID,NAME,DEBUT,HIT_SONG_ID) values (5,'다비치',to_date('09/02/27','RR/MM/DD'),105);
Insert into USERID.GIRL_GROUP (GIRL_GROUP_ID,NAME,DEBUT,HIT_SONG_ID) values (6,'2NE1',to_date('09/07/08','RR/MM/DD'),107);
Insert into USERID.GIRL_GROUP (GIRL_GROUP_ID,NAME,DEBUT,HIT_SONG_ID) values (7,'f(x)',to_date('11/04/20','RR/MM/DD'),109);
Insert into USERID.GIRL_GROUP (GIRL_GROUP_ID,NAME,DEBUT,HIT_SONG_ID) values (8,'시크릿',to_date('11/01/06','RR/MM/DD'),110);
Insert into USERID.GIRL_GROUP (GIRL_GROUP_ID,NAME,DEBUT,HIT_SONG_ID) values (9,'레인보우',to_date('10/08/12','RR/MM/DD'),111);
Insert into USERID.GIRL_GROUP (GIRL_GROUP_ID,NAME,DEBUT,HIT_SONG_ID) values (10,'에프터 스쿨',to_date('09/11/25','RR/MM/DD'),null);
Insert into USERID.GIRL_GROUP (GIRL_GROUP_ID,NAME,DEBUT,HIT_SONG_ID) values (11,'포미닛',to_date('09/08/28','RR/MM/DD'),null);
REM INSERTING into USERID.GYM_EVENT
SET DEFINE OFF;
Insert into USERID.GYM_EVENT (EVENT_IDX,EVENT_NAME,EVENT_TITLE,EVENT_CONTENT,EVENT_DATE,EVENT_HIT) values (1,'관리자','이벤트','<p>글 내용1</p>
',to_date('21/05/04','RR/MM/DD'),4);
Insert into USERID.GYM_EVENT (EVENT_IDX,EVENT_NAME,EVENT_TITLE,EVENT_CONTENT,EVENT_DATE,EVENT_HIT) values (2,'관리자','이벤트','<p>글 내용1</p>
',to_date('21/05/04','RR/MM/DD'),6);
Insert into USERID.GYM_EVENT (EVENT_IDX,EVENT_NAME,EVENT_TITLE,EVENT_CONTENT,EVENT_DATE,EVENT_HIT) values (3,'관리자','이벤트','<p>글 내용1</p>
',to_date('21/05/04','RR/MM/DD'),2);
Insert into USERID.GYM_EVENT (EVENT_IDX,EVENT_NAME,EVENT_TITLE,EVENT_CONTENT,EVENT_DATE,EVENT_HIT) values (4,'관리자','이벤트','<p>글 내용1</p>
',to_date('21/05/04','RR/MM/DD'),2);
Insert into USERID.GYM_EVENT (EVENT_IDX,EVENT_NAME,EVENT_TITLE,EVENT_CONTENT,EVENT_DATE,EVENT_HIT) values (5,'관리자','이벤트','<p>글 내용1</p>
',to_date('21/05/04','RR/MM/DD'),4);
Insert into USERID.GYM_EVENT (EVENT_IDX,EVENT_NAME,EVENT_TITLE,EVENT_CONTENT,EVENT_DATE,EVENT_HIT) values (6,'관리자','이벤트','<p>aaa</p>
',to_date('21/05/04','RR/MM/DD'),1);
Insert into USERID.GYM_EVENT (EVENT_IDX,EVENT_NAME,EVENT_TITLE,EVENT_CONTENT,EVENT_DATE,EVENT_HIT) values (7,'관리자','이벤트','<p>ssss</p>
',to_date('21/05/04','RR/MM/DD'),3);
Insert into USERID.GYM_EVENT (EVENT_IDX,EVENT_NAME,EVENT_TITLE,EVENT_CONTENT,EVENT_DATE,EVENT_HIT) values (8,'관리자','이벤트','<p>sss</p>
',to_date('21/05/04','RR/MM/DD'),3);
Insert into USERID.GYM_EVENT (EVENT_IDX,EVENT_NAME,EVENT_TITLE,EVENT_CONTENT,EVENT_DATE,EVENT_HIT) values (9,'관리자','이벤트','<p>글 내용1</p>
',to_date('21/05/05','RR/MM/DD'),2);
Insert into USERID.GYM_EVENT (EVENT_IDX,EVENT_NAME,EVENT_TITLE,EVENT_CONTENT,EVENT_DATE,EVENT_HIT) values (10,'관리자','이벤트','<p>글 내용1</p>
',to_date('21/05/05','RR/MM/DD'),1);
Insert into USERID.GYM_EVENT (EVENT_IDX,EVENT_NAME,EVENT_TITLE,EVENT_CONTENT,EVENT_DATE,EVENT_HIT) values (11,'관리자','이벤트','<p>글 내용1</p>
',to_date('21/05/05','RR/MM/DD'),2);
Insert into USERID.GYM_EVENT (EVENT_IDX,EVENT_NAME,EVENT_TITLE,EVENT_CONTENT,EVENT_DATE,EVENT_HIT) values (12,'관리자','이벤트','<p>글 내용1</p>
',to_date('21/05/05','RR/MM/DD'),1);
Insert into USERID.GYM_EVENT (EVENT_IDX,EVENT_NAME,EVENT_TITLE,EVENT_CONTENT,EVENT_DATE,EVENT_HIT) values (13,'관리자','이벤트','<p>글 내용1</p>
',to_date('21/05/05','RR/MM/DD'),2);
Insert into USERID.GYM_EVENT (EVENT_IDX,EVENT_NAME,EVENT_TITLE,EVENT_CONTENT,EVENT_DATE,EVENT_HIT) values (14,'관리자','이벤트','<p>글 내용1</p>
',to_date('21/05/05','RR/MM/DD'),1);
Insert into USERID.GYM_EVENT (EVENT_IDX,EVENT_NAME,EVENT_TITLE,EVENT_CONTENT,EVENT_DATE,EVENT_HIT) values (15,'관리자','이벤트','<p>글 내용1</p>
',to_date('21/05/05','RR/MM/DD'),6);
Insert into USERID.GYM_EVENT (EVENT_IDX,EVENT_NAME,EVENT_TITLE,EVENT_CONTENT,EVENT_DATE,EVENT_HIT) values (16,'관리자','이벤트','<p>글 내용1</p>
',to_date('21/05/05','RR/MM/DD'),1);
Insert into USERID.GYM_EVENT (EVENT_IDX,EVENT_NAME,EVENT_TITLE,EVENT_CONTENT,EVENT_DATE,EVENT_HIT) values (17,'관리자','이벤트','<p>글 내용1</p>
',to_date('21/05/05','RR/MM/DD'),5);
Insert into USERID.GYM_EVENT (EVENT_IDX,EVENT_NAME,EVENT_TITLE,EVENT_CONTENT,EVENT_DATE,EVENT_HIT) values (18,'관리자','이벤트','<p>event_name</p>
',to_date('21/05/07','RR/MM/DD'),11);
Insert into USERID.GYM_EVENT (EVENT_IDX,EVENT_NAME,EVENT_TITLE,EVENT_CONTENT,EVENT_DATE,EVENT_HIT) values (19,'관리자','이벤트','<p>event_name</p>
',to_date('21/05/07','RR/MM/DD'),9);
Insert into USERID.GYM_EVENT (EVENT_IDX,EVENT_NAME,EVENT_TITLE,EVENT_CONTENT,EVENT_DATE,EVENT_HIT) values (20,'관리자','이벤트','<p>event_name</p>
',to_date('21/05/09','RR/MM/DD'),2);
Insert into USERID.GYM_EVENT (EVENT_IDX,EVENT_NAME,EVENT_TITLE,EVENT_CONTENT,EVENT_DATE,EVENT_HIT) values (21,'관리자','이벤트','<p>이벤트</p>
',to_date('21/05/10','RR/MM/DD'),4);
Insert into USERID.GYM_EVENT (EVENT_IDX,EVENT_NAME,EVENT_TITLE,EVENT_CONTENT,EVENT_DATE,EVENT_HIT) values (22,'관리자','굿초이스 노원점 2주년 하루천원 이벤트','굿초이스 노원점이
오픈 2주년을 맞이해 이벤트를 시작하였습니다!
지금 등록하면, 2000평의 프리미엄 시설을
역대급 저렴한 가격으로 즐길 수 있습니다!',to_date('21/05/10','RR/MM/DD'),3);
Insert into USERID.GYM_EVENT (EVENT_IDX,EVENT_NAME,EVENT_TITLE,EVENT_CONTENT,EVENT_DATE,EVENT_HIT) values (23,'관리자','굿초이스 피트니스 헬스하면 스벅드림 이벤트!','굿초이스 피트니스 30만원 이상 결제 시
스타벅스 기프트카드 100% 증정!
해당 이벤트는 선착순30명을 대상으로합니다.
굿초이스와 함께 운동도하고
스타벅스도 득템해가세요~!',to_date('21/05/10','RR/MM/DD'),3);
REM INSERTING into USERID.GYM_FAQ
SET DEFINE OFF;
Insert into USERID.GYM_FAQ (FAQ_IDX,FAQ_TITLE,FAQ_CONTENT,FAQ_DATE) values (1,'헬스장 운영시간 및 휴일은 언제인가요?','굿초이스 헬스장은 평일 24시간, 연중무휴 오픈을 원칙으로 운영하고 있습니다. 
 단, 지점 재정비 등 부득이 하게 휴관을 해야하는 경우 회원님들께
 사전 공지해드립니다.',to_date('21/05/03','RR/MM/DD'));
Insert into USERID.GYM_FAQ (FAQ_IDX,FAQ_TITLE,FAQ_CONTENT,FAQ_DATE) values (2,'회원권 이용 요금이 궁금합니다.','굿초이스 헬스장은 회원권 종류에 따라 이용 요금이 다르게 책정됩니다.
 ※ 일반회원권 1개월-5만원, 3개월-13만원, 6개월-22만원, 12개월-37만원.
 스페셜회원권(3개월) 그룹PT-40만원, 필라테스-45만원, 골프-56만원 입니다. ※',to_date('21/05/03','RR/MM/DD'));
Insert into USERID.GYM_FAQ (FAQ_IDX,FAQ_TITLE,FAQ_CONTENT,FAQ_DATE) values (3,' 퍼스널 트레이닝(P.T) 가격과 신청방법이 궁금합니다.','굿초이스 헬스장은 트레이너의 경력,역량에 따라 트레이너 레벨을 구분하고 있으며,
 레벨 별 퍼스널 트레이닝 금액이 상이합니다. 수업은 50분 기준으로 진행되며,
 등록하는 세션에 따라 할인율이 달라질 수 있습니다. 따라서 신청을 위해 지점으로
 직접 방문하여 맞춤 상담을 받아보시기를 추천드립니다.',to_date('21/05/03','RR/MM/DD'));
Insert into USERID.GYM_FAQ (FAQ_IDX,FAQ_TITLE,FAQ_CONTENT,FAQ_DATE) values (4,'운동복과 개인사물함을 꼭 신청해야 하나요?','운동복과 개인 사물함 필수가 아닌 선택 서비스입니다. 저희 굿초이스 헬스장에서는 
 회원님들께 편의를 드리고자 모두 무료로 대여해드리고 있습니다.
 회원권 시작후 첫 방문시 데스크에 오시면 개인사물함 번호와 함께 열쇠를 지급해드리며,
 회원권이 끝나고 반드시 열쇠를 반납해주셔야 됩니다. 
 ※ 열쇠 분실시 3만원을 지불해야 하므로 주의해주세요! ※',to_date('21/05/03','RR/MM/DD'));
Insert into USERID.GYM_FAQ (FAQ_IDX,FAQ_TITLE,FAQ_CONTENT,FAQ_DATE) values (5,'개인적으로 준비해야 할 부분이 있을까요?','샤워 용품센터에서는 수건과 비누를 제공하고 있습니다.평소 사용하시는 샤워 용품이 
 있으시면 개인 지참 부탁드립니다. 또한 실외에서 신은 운동화는 센터 내에서 
 착용하실 수 없기 때문에, 실내 전용 운동화를 반드시 준비해주시기 바랍니다.
 마지막으로 대여용 운동복을 원하지 않는 경우에는 개인 운동복도 함께 준비해주세요.',to_date('21/05/03','RR/MM/DD'));
Insert into USERID.GYM_FAQ (FAQ_IDX,FAQ_TITLE,FAQ_CONTENT,FAQ_DATE) values (6,'운동을 처음 해보는데, 어떻게 운동해야 하는지 모르겠어요.','걱정하지 않으셔도 됩니다! 굿초이스 헬스장에서는 신규 회원 등록 시, 
 전문적인 트레이너의 1:1 운동 지도 2회를 제공해 드리고 있습니다. 뿐만 아니라, 
 센터 내에 상주하는 트레이너가 친절하게 도와드리고 있으니 부담 갖지 마시고
 언제라도 편하게 트레이너 및 데스크에 문의해 주세요.',to_date('21/05/03','RR/MM/DD'));
Insert into USERID.GYM_FAQ (FAQ_IDX,FAQ_TITLE,FAQ_CONTENT,FAQ_DATE) values (7,'G.X이용 방법이 궁금합니다.','G.X 프로그램은 회원권 이용시 무료로 자유롭게 이용하실 수 있습니다.
 다만, 예약제로 운영되기 때문에 전화또는 현장에서 예약후 이용가능합니다.
 G.X 프로그램 시간표는 [헬스장소개<Schedule] 또는 홈페이지의 메인화면에서
 확인가능합니다.',to_date('21/05/03','RR/MM/DD'));
Insert into USERID.GYM_FAQ (FAQ_IDX,FAQ_TITLE,FAQ_CONTENT,FAQ_DATE) values (8,'연기는 가능한가요?','<p>연기 신청은 3개월 등록 기간을 기준으로 1회, 1회 당 최대 1개월(30일)까지 가능합니다.</p>

<p>연기 기간 만료 시 이용 기간은 자동으로 진행되며 별도로 안내드리지 않습니다.</p>

<p>저희 헬스장으로 전화 주시거나 직접 방문하여 연기 신청을 할 수 있습니다.</p>
',to_date('21/05/03','RR/MM/DD'));
Insert into USERID.GYM_FAQ (FAQ_IDX,FAQ_TITLE,FAQ_CONTENT,FAQ_DATE) values (9,'개인사물함 사용기간 만료 시에는 물품을 언제까지 보관하나요?','굿초이스 헬스장에서는 소비자기본법과 공정거래위원회의 권장 규정에 따라
 이용 기간 종료 후 14일 경과 후에도 이용자가 소지품 미회수 시
 보관 중인 소지품을 회수하여 따로 보관하며, 그때로부터
 다시 14일 경과 후에도 이용자가 소지품을 미회수 시 보관품을 폐기 등 
 적정한 방법으로 처분합니다.',to_date('21/05/03','RR/MM/DD'));
Insert into USERID.GYM_FAQ (FAQ_IDX,FAQ_TITLE,FAQ_CONTENT,FAQ_DATE) values (10,'환불은 어떻게 진행되나요?','<p>환불에 관한 문의는 굿초이스 헬스장으로 전화주시거나 직접 방문해 주세요.</p>
',to_date('21/05/03','RR/MM/DD'));
REM INSERTING into USERID.GYM_INQUIRY
SET DEFINE OFF;
Insert into USERID.GYM_INQUIRY (INQ_IDX,INQ_TYPE,INQ_TITLE,INQ_NAME,INQ_CONTENT,INQ_STATE,INQ_RE_CONTENT,INQ_DATE,INQ_MEMBER_IDX) values (13,'환불문의','문의','김일번','환불해주세요','답변완료','답변',to_date('21/05/11','RR/MM/DD'),1);
Insert into USERID.GYM_INQUIRY (INQ_IDX,INQ_TYPE,INQ_TITLE,INQ_NAME,INQ_CONTENT,INQ_STATE,INQ_RE_CONTENT,INQ_DATE,INQ_MEMBER_IDX) values (9,'결제문의','테스트','관리자','ddd
ddd','미답변',null,to_date('21/05/10','RR/MM/DD'),15);
REM INSERTING into USERID.GYM_MEMBER
SET DEFINE OFF;
Insert into USERID.GYM_MEMBER (MEMBER_IDX,MEMBER_ID,MEMBER_PW,MEMBER_NAME,MEMBER_BIRTH_DATE,MEMBER_GENDER,MEMBER_PHONE,MEMBER_EMAIL,MEMBER_EMAIL_RECEIVE,MEMBER_COUPON01,MEMBER_COUPON02,MEMBER_LOCKER,MEMBER_PAY_SUM,MEMBER_AGREE,MEMBER_JOIN_DATE) values (1,'qazs','aaaaaaa1','김일번','2017-10-10','M','0102333344','abc123@chol.com',0,2,2,10,1450000,'Y',to_date('21/04/19','RR/MM/DD'));
Insert into USERID.GYM_MEMBER (MEMBER_IDX,MEMBER_ID,MEMBER_PW,MEMBER_NAME,MEMBER_BIRTH_DATE,MEMBER_GENDER,MEMBER_PHONE,MEMBER_EMAIL,MEMBER_EMAIL_RECEIVE,MEMBER_COUPON01,MEMBER_COUPON02,MEMBER_LOCKER,MEMBER_PAY_SUM,MEMBER_AGREE,MEMBER_JOIN_DATE) values (126,'qazs6','aaaaaaa1','육번','2021-05-06','M','01112341356','abc06@chol.com',0,0,0,0,0,'Y',to_date('21/05/09','RR/MM/DD'));
Insert into USERID.GYM_MEMBER (MEMBER_IDX,MEMBER_ID,MEMBER_PW,MEMBER_NAME,MEMBER_BIRTH_DATE,MEMBER_GENDER,MEMBER_PHONE,MEMBER_EMAIL,MEMBER_EMAIL_RECEIVE,MEMBER_COUPON01,MEMBER_COUPON02,MEMBER_LOCKER,MEMBER_PAY_SUM,MEMBER_AGREE,MEMBER_JOIN_DATE) values (125,'qazs5','aaaaaaa1','오번','2021-05-12','M','01112341111','abc5@naver.com',1,0,0,0,0,'Y',to_date('21/05/08','RR/MM/DD'));
Insert into USERID.GYM_MEMBER (MEMBER_IDX,MEMBER_ID,MEMBER_PW,MEMBER_NAME,MEMBER_BIRTH_DATE,MEMBER_GENDER,MEMBER_PHONE,MEMBER_EMAIL,MEMBER_EMAIL_RECEIVE,MEMBER_COUPON01,MEMBER_COUPON02,MEMBER_LOCKER,MEMBER_PAY_SUM,MEMBER_AGREE,MEMBER_JOIN_DATE) values (127,'qazs10','aaaaaaa1','홍길동','2021-04-29','M','01012341111','abc10@naver.com',1,0,0,0,0,'Y',to_date('21/05/10','RR/MM/DD'));
Insert into USERID.GYM_MEMBER (MEMBER_IDX,MEMBER_ID,MEMBER_PW,MEMBER_NAME,MEMBER_BIRTH_DATE,MEMBER_GENDER,MEMBER_PHONE,MEMBER_EMAIL,MEMBER_EMAIL_RECEIVE,MEMBER_COUPON01,MEMBER_COUPON02,MEMBER_LOCKER,MEMBER_PAY_SUM,MEMBER_AGREE,MEMBER_JOIN_DATE) values (128,'qazs20','aaaaaaa1','이십번','1990-07-01','M','01012345678','abc20@naver.com',1,0,0,0,0,'Y',to_date('21/05/10','RR/MM/DD'));
Insert into USERID.GYM_MEMBER (MEMBER_IDX,MEMBER_ID,MEMBER_PW,MEMBER_NAME,MEMBER_BIRTH_DATE,MEMBER_GENDER,MEMBER_PHONE,MEMBER_EMAIL,MEMBER_EMAIL_RECEIVE,MEMBER_COUPON01,MEMBER_COUPON02,MEMBER_LOCKER,MEMBER_PAY_SUM,MEMBER_AGREE,MEMBER_JOIN_DATE) values (129,'qazs21','aaaaaaa1','이십일','1990-07-01','M','01012341111','abc21@naver.com',1,0,0,0,0,'N',to_date('21/05/10','RR/MM/DD'));
Insert into USERID.GYM_MEMBER (MEMBER_IDX,MEMBER_ID,MEMBER_PW,MEMBER_NAME,MEMBER_BIRTH_DATE,MEMBER_GENDER,MEMBER_PHONE,MEMBER_EMAIL,MEMBER_EMAIL_RECEIVE,MEMBER_COUPON01,MEMBER_COUPON02,MEMBER_LOCKER,MEMBER_PAY_SUM,MEMBER_AGREE,MEMBER_JOIN_DATE) values (130,'qazs22','aaaaaaa1','이십이','1990-07-01','M','01012341356','abc22@chol.com',1,0,0,0,0,'Y',to_date('21/05/10','RR/MM/DD'));
Insert into USERID.GYM_MEMBER (MEMBER_IDX,MEMBER_ID,MEMBER_PW,MEMBER_NAME,MEMBER_BIRTH_DATE,MEMBER_GENDER,MEMBER_PHONE,MEMBER_EMAIL,MEMBER_EMAIL_RECEIVE,MEMBER_COUPON01,MEMBER_COUPON02,MEMBER_LOCKER,MEMBER_PAY_SUM,MEMBER_AGREE,MEMBER_JOIN_DATE) values (139,'qazs4','aaaaaaa1','이초이스','1996-07-11','M','01002225678','abc04@korea.com',0,0,0,0,0,'N',to_date('21/05/11','RR/MM/DD'));
Insert into USERID.GYM_MEMBER (MEMBER_IDX,MEMBER_ID,MEMBER_PW,MEMBER_NAME,MEMBER_BIRTH_DATE,MEMBER_GENDER,MEMBER_PHONE,MEMBER_EMAIL,MEMBER_EMAIL_RECEIVE,MEMBER_COUPON01,MEMBER_COUPON02,MEMBER_LOCKER,MEMBER_PAY_SUM,MEMBER_AGREE,MEMBER_JOIN_DATE) values (138,'qazs3','aaaaaaa1','김초이스','1990-07-04','M','01002225678','abc03@sayclub.com',1,0,0,0,0,'N',to_date('21/05/11','RR/MM/DD'));
Insert into USERID.GYM_MEMBER (MEMBER_IDX,MEMBER_ID,MEMBER_PW,MEMBER_NAME,MEMBER_BIRTH_DATE,MEMBER_GENDER,MEMBER_PHONE,MEMBER_EMAIL,MEMBER_EMAIL_RECEIVE,MEMBER_COUPON01,MEMBER_COUPON02,MEMBER_LOCKER,MEMBER_PAY_SUM,MEMBER_AGREE,MEMBER_JOIN_DATE) values (140,'qazs55','aaaaaaa1','박초이스','1990-07-04','M','01102225678','abc55@nate.com',1,0,0,0,0,'N',to_date('21/05/11','RR/MM/DD'));
Insert into USERID.GYM_MEMBER (MEMBER_IDX,MEMBER_ID,MEMBER_PW,MEMBER_NAME,MEMBER_BIRTH_DATE,MEMBER_GENDER,MEMBER_PHONE,MEMBER_EMAIL,MEMBER_EMAIL_RECEIVE,MEMBER_COUPON01,MEMBER_COUPON02,MEMBER_LOCKER,MEMBER_PAY_SUM,MEMBER_AGREE,MEMBER_JOIN_DATE) values (141,'qazs50','aaaaaaa1','최초이스','1997-07-02','M','01002225678','abc50@naver.com',1,0,0,0,0,'N',to_date('21/05/11','RR/MM/DD'));
Insert into USERID.GYM_MEMBER (MEMBER_IDX,MEMBER_ID,MEMBER_PW,MEMBER_NAME,MEMBER_BIRTH_DATE,MEMBER_GENDER,MEMBER_PHONE,MEMBER_EMAIL,MEMBER_EMAIL_RECEIVE,MEMBER_COUPON01,MEMBER_COUPON02,MEMBER_LOCKER,MEMBER_PAY_SUM,MEMBER_AGREE,MEMBER_JOIN_DATE) values (94,'qazs17','aaaaaaa1','십칠번','2021-04-29','F','01013571356','abc17@sayclub.com',1,1,2,0,0,'Y',to_date('21/05/01','RR/MM/DD'));
Insert into USERID.GYM_MEMBER (MEMBER_IDX,MEMBER_ID,MEMBER_PW,MEMBER_NAME,MEMBER_BIRTH_DATE,MEMBER_GENDER,MEMBER_PHONE,MEMBER_EMAIL,MEMBER_EMAIL_RECEIVE,MEMBER_COUPON01,MEMBER_COUPON02,MEMBER_LOCKER,MEMBER_PAY_SUM,MEMBER_AGREE,MEMBER_JOIN_DATE) values (15,'admin','aaaaaaa1','관리자','2021-04-06','M','01012345555','admin@naver.com',1,0,0,0,0,'Y',to_date('21/04/21','RR/MM/DD'));
Insert into USERID.GYM_MEMBER (MEMBER_IDX,MEMBER_ID,MEMBER_PW,MEMBER_NAME,MEMBER_BIRTH_DATE,MEMBER_GENDER,MEMBER_PHONE,MEMBER_EMAIL,MEMBER_EMAIL_RECEIVE,MEMBER_COUPON01,MEMBER_COUPON02,MEMBER_LOCKER,MEMBER_PAY_SUM,MEMBER_AGREE,MEMBER_JOIN_DATE) values (131,'qazs23','aaaaaaa1','이십삼','1990-07-01','M','01012345678','abc23@chol.com',1,0,0,0,0,'Y',to_date('21/05/10','RR/MM/DD'));
Insert into USERID.GYM_MEMBER (MEMBER_IDX,MEMBER_ID,MEMBER_PW,MEMBER_NAME,MEMBER_BIRTH_DATE,MEMBER_GENDER,MEMBER_PHONE,MEMBER_EMAIL,MEMBER_EMAIL_RECEIVE,MEMBER_COUPON01,MEMBER_COUPON02,MEMBER_LOCKER,MEMBER_PAY_SUM,MEMBER_AGREE,MEMBER_JOIN_DATE) values (132,'qazs24','aaaaaaa1','이십사','1990-07-01','M','01102225678','abc24@chol.com',1,0,0,0,0,'Y',to_date('21/05/10','RR/MM/DD'));
Insert into USERID.GYM_MEMBER (MEMBER_IDX,MEMBER_ID,MEMBER_PW,MEMBER_NAME,MEMBER_BIRTH_DATE,MEMBER_GENDER,MEMBER_PHONE,MEMBER_EMAIL,MEMBER_EMAIL_RECEIVE,MEMBER_COUPON01,MEMBER_COUPON02,MEMBER_LOCKER,MEMBER_PAY_SUM,MEMBER_AGREE,MEMBER_JOIN_DATE) values (133,'qazs25','aaaaaaa1','이십오','1990-07-01','M','01012341356','abc25@paran.com',1,0,0,0,0,'Y',to_date('21/05/10','RR/MM/DD'));
Insert into USERID.GYM_MEMBER (MEMBER_IDX,MEMBER_ID,MEMBER_PW,MEMBER_NAME,MEMBER_BIRTH_DATE,MEMBER_GENDER,MEMBER_PHONE,MEMBER_EMAIL,MEMBER_EMAIL_RECEIVE,MEMBER_COUPON01,MEMBER_COUPON02,MEMBER_LOCKER,MEMBER_PAY_SUM,MEMBER_AGREE,MEMBER_JOIN_DATE) values (134,'qazs26','aaaaaaa1','이십육','1990-07-01','M','01012341111','abc26@dreamwiz.com',1,0,0,0,0,'Y',to_date('21/05/10','RR/MM/DD'));
Insert into USERID.GYM_MEMBER (MEMBER_IDX,MEMBER_ID,MEMBER_PW,MEMBER_NAME,MEMBER_BIRTH_DATE,MEMBER_GENDER,MEMBER_PHONE,MEMBER_EMAIL,MEMBER_EMAIL_RECEIVE,MEMBER_COUPON01,MEMBER_COUPON02,MEMBER_LOCKER,MEMBER_PAY_SUM,MEMBER_AGREE,MEMBER_JOIN_DATE) values (135,'qazs27','aaaaaaa1','이십칠','1990-07-01','M','01012341111','abc27@naver.com',1,0,0,0,0,'Y',to_date('21/05/10','RR/MM/DD'));
REM INSERTING into USERID.GYM_NOTICE
SET DEFINE OFF;
Insert into USERID.GYM_NOTICE (NOTICE_IDX,NOTICE_NAME,NOTICE_TITLE,NOTICE_CONTENT,NOTICE_DATE,NOTICE_HIT) values (87,'관리자','공지사항1','<p>공지사항</p>
',to_date('21/05/09','RR/MM/DD'),3);
Insert into USERID.GYM_NOTICE (NOTICE_IDX,NOTICE_NAME,NOTICE_TITLE,NOTICE_CONTENT,NOTICE_DATE,NOTICE_HIT) values (31,'관리자','2021년 5월 굿초이스피트니스 휴점일 공지','<p>&lt;2021년 5월 굿초이스 휴점일&gt;</p>

<p>- 매주 일요일 노원점 정기 휴점일</p>

<p>- 주말 오전 9시~오후 8시까지 운영</p>

<p>- 주말 노원 앤스파 오전 5시 30분 ~오후 11시까지 운영</p>
',to_date('21/05/10','RR/MM/DD'),18);
Insert into USERID.GYM_NOTICE (NOTICE_IDX,NOTICE_NAME,NOTICE_TITLE,NOTICE_CONTENT,NOTICE_DATE,NOTICE_HIT) values (3,'관리자','공지사항3','<p>ㅁㅁㅁㅁ</p>
',to_date('21/05/04','RR/MM/DD'),0);
Insert into USERID.GYM_NOTICE (NOTICE_IDX,NOTICE_NAME,NOTICE_TITLE,NOTICE_CONTENT,NOTICE_DATE,NOTICE_HIT) values (4,'관리자','공지사항4','<p>ㅁㅁㅁㅁㅁ</p>
',to_date('21/05/04','RR/MM/DD'),0);
Insert into USERID.GYM_NOTICE (NOTICE_IDX,NOTICE_NAME,NOTICE_TITLE,NOTICE_CONTENT,NOTICE_DATE,NOTICE_HIT) values (5,'관리자','공지사항5','<p>ㅁㅁㅁㅁ</p>
',to_date('21/05/04','RR/MM/DD'),1);
Insert into USERID.GYM_NOTICE (NOTICE_IDX,NOTICE_NAME,NOTICE_TITLE,NOTICE_CONTENT,NOTICE_DATE,NOTICE_HIT) values (6,'관리자','공지사항6','<p>ㅇㅇㅇㅇ</p>
',to_date('21/05/04','RR/MM/DD'),0);
Insert into USERID.GYM_NOTICE (NOTICE_IDX,NOTICE_NAME,NOTICE_TITLE,NOTICE_CONTENT,NOTICE_DATE,NOTICE_HIT) values (7,'관리자','공지사항7','<p>ㅇㅇㅇ</p>
',to_date('21/05/04','RR/MM/DD'),1);
Insert into USERID.GYM_NOTICE (NOTICE_IDX,NOTICE_NAME,NOTICE_TITLE,NOTICE_CONTENT,NOTICE_DATE,NOTICE_HIT) values (8,'관리자','공지사항8','<p>ㄴㄴㄴ</p>
',to_date('21/05/04','RR/MM/DD'),0);
Insert into USERID.GYM_NOTICE (NOTICE_IDX,NOTICE_NAME,NOTICE_TITLE,NOTICE_CONTENT,NOTICE_DATE,NOTICE_HIT) values (9,'관리자','공지사항9','<p>ㄴㄴㄴㄴ</p>
',to_date('21/05/04','RR/MM/DD'),1);
Insert into USERID.GYM_NOTICE (NOTICE_IDX,NOTICE_NAME,NOTICE_TITLE,NOTICE_CONTENT,NOTICE_DATE,NOTICE_HIT) values (10,'관리자','공지사항10','<p>ㄴㄴㄴ</p>
',to_date('21/05/04','RR/MM/DD'),1);
Insert into USERID.GYM_NOTICE (NOTICE_IDX,NOTICE_NAME,NOTICE_TITLE,NOTICE_CONTENT,NOTICE_DATE,NOTICE_HIT) values (11,'관리자111','공지사항11','<p>ㅁㅁㅁ</p>
',to_date('21/05/04','RR/MM/DD'),67);
Insert into USERID.GYM_NOTICE (NOTICE_IDX,NOTICE_NAME,NOTICE_TITLE,NOTICE_CONTENT,NOTICE_DATE,NOTICE_HIT) values (30,'관리자','2021년 5월 굿초이스피트니스 베스트 이용후기 담첨자 안내','<2021년 5월 굿초이스 베스트 이용후기 담첨자>
1. 신동인 회원님 (담당 트레이너 : 김광기)
2. 이예지 회원님 (담당 트레이너 : 이석우)',to_date('21/05/10','RR/MM/DD'),1);
Insert into USERID.GYM_NOTICE (NOTICE_IDX,NOTICE_NAME,NOTICE_TITLE,NOTICE_CONTENT,NOTICE_DATE,NOTICE_HIT) values (107,'관리자','공지사항2','<p>공지사항</p>

<p>입니다</p>

<p>수정</p>
',to_date('21/05/11','RR/MM/DD'),3);
Insert into USERID.GYM_NOTICE (NOTICE_IDX,NOTICE_NAME,NOTICE_TITLE,NOTICE_CONTENT,NOTICE_DATE,NOTICE_HIT) values (109,'관리자','공지사항1','<p>aa</p>
',to_date('21/05/11','RR/MM/DD'),0);
Insert into USERID.GYM_NOTICE (NOTICE_IDX,NOTICE_NAME,NOTICE_TITLE,NOTICE_CONTENT,NOTICE_DATE,NOTICE_HIT) values (110,'관리자','공지사항3','<p>공지</p>

<p>수정</p>
',to_date('21/05/11','RR/MM/DD'),2);
Insert into USERID.GYM_NOTICE (NOTICE_IDX,NOTICE_NAME,NOTICE_TITLE,NOTICE_CONTENT,NOTICE_DATE,NOTICE_HIT) values (28,'관리자','2021년 4월 굿초이스피트니스 베스트 이용후기 담첨자 안내','<2021년 4월 굿초이스 베스트 이용후기 담첨자>
1. 신동인 회원님 (담당 트레이너 : 김광기)
2. 이예지 회원님 (담당 트레이너 : 이석우)',to_date('21/05/10','RR/MM/DD'),0);
Insert into USERID.GYM_NOTICE (NOTICE_IDX,NOTICE_NAME,NOTICE_TITLE,NOTICE_CONTENT,NOTICE_DATE,NOTICE_HIT) values (29,'관리자','2021년 4월 굿초이스피트니스 휴점일 공지','<2021년 4월 굿초이스 휴점일>
 - 매주 일요일 노원점 정기 휴점일
- 주말 오전 9시~오후 8시까지 운영
- 주말 노원 앤스파 오전 6시 30분 ~오후 12시까지 운영',to_date('21/05/10','RR/MM/DD'),1);
REM INSERTING into USERID.GYM_OUT_MEMBER
SET DEFINE OFF;
Insert into USERID.GYM_OUT_MEMBER (OUT_MEMBER_IDX,OUT_MEMBER_ID,OUT_MEMBER_NAME,OUT_MEMBER_PAY_SUM,OUT_MEMBER_JOIN_DATE,OUT_MEMBER_REASON,OUT_MEMBER_OPINION,OUT_MEMBER_DATE,OUT_MEMBER_DATE12) values (2,'qazs12','십이번','0','2021-05-01','null 가격 불만 null 개인정보유출 우려','가격을 인하해 주세요',to_date('21/05/10','RR/MM/DD'),to_date('22/05/10','RR/MM/DD'));
Insert into USERID.GYM_OUT_MEMBER (OUT_MEMBER_IDX,OUT_MEMBER_ID,OUT_MEMBER_NAME,OUT_MEMBER_PAY_SUM,OUT_MEMBER_JOIN_DATE,OUT_MEMBER_REASON,OUT_MEMBER_OPINION,OUT_MEMBER_DATE,OUT_MEMBER_DATE12) values (9,'qazs2','초이스','50000','2021-05-11','null 가격 불만 null null',null,to_date('21/05/11','RR/MM/DD'),to_date('22/05/11','RR/MM/DD'));
Insert into USERID.GYM_OUT_MEMBER (OUT_MEMBER_IDX,OUT_MEMBER_ID,OUT_MEMBER_NAME,OUT_MEMBER_PAY_SUM,OUT_MEMBER_JOIN_DATE,OUT_MEMBER_REASON,OUT_MEMBER_OPINION,OUT_MEMBER_DATE,OUT_MEMBER_DATE12) values (4,'qazs14','십사번','0','2021-04-30','null 가격 불만 null null','비쌉니다',to_date('21/05/10','RR/MM/DD'),to_date('22/05/10','RR/MM/DD'));
Insert into USERID.GYM_OUT_MEMBER (OUT_MEMBER_IDX,OUT_MEMBER_ID,OUT_MEMBER_NAME,OUT_MEMBER_PAY_SUM,OUT_MEMBER_JOIN_DATE,OUT_MEMBER_REASON,OUT_MEMBER_OPINION,OUT_MEMBER_DATE,OUT_MEMBER_DATE12) values (6,'qazs16','십육번','0','2021-05-01','이용률 감소 null null null','없음',to_date('21/05/10','RR/MM/DD'),to_date('22/05/10','RR/MM/DD'));
REM INSERTING into USERID.GYM_PAY
SET DEFINE OFF;
Insert into USERID.GYM_PAY (PAY_IDX,PAY_ID,PAY_NAME,PAY_MEMBERSHIP,PAY_COUPON_NUM,PAY_AMOUNT,PAY_START_DATE,PAY_END_DATE,PAY_PAYMENT_DATE,PAY_MEMBER_IDX) values (9,'qazs','김일번','스페셜 회원권-그룹PT',0,400000,'2021-06-01','2021-08-31',to_date('21/05/10','RR/MM/DD'),1);
Insert into USERID.GYM_PAY (PAY_IDX,PAY_ID,PAY_NAME,PAY_MEMBERSHIP,PAY_COUPON_NUM,PAY_AMOUNT,PAY_START_DATE,PAY_END_DATE,PAY_PAYMENT_DATE,PAY_MEMBER_IDX) values (8,'qazs','김일번','일반 회원권 1개월',0,50000,'2021-05-11','2021-06-10',to_date('21/05/10','RR/MM/DD'),1);
Insert into USERID.GYM_PAY (PAY_IDX,PAY_ID,PAY_NAME,PAY_MEMBERSHIP,PAY_COUPON_NUM,PAY_AMOUNT,PAY_START_DATE,PAY_END_DATE,PAY_PAYMENT_DATE,PAY_MEMBER_IDX) values (4,'qazs','김일번','일반 회원권 1개월',0,50000,'2021-04-30','2021-05-29',to_date('21/05/09','RR/MM/DD'),1);
Insert into USERID.GYM_PAY (PAY_IDX,PAY_ID,PAY_NAME,PAY_MEMBERSHIP,PAY_COUPON_NUM,PAY_AMOUNT,PAY_START_DATE,PAY_END_DATE,PAY_PAYMENT_DATE,PAY_MEMBER_IDX) values (11,'qazs','김일번','일반 회원권 1개월',0,50000,'2021-05-12','2021-06-11',to_date('21/05/10','RR/MM/DD'),1);
Insert into USERID.GYM_PAY (PAY_IDX,PAY_ID,PAY_NAME,PAY_MEMBERSHIP,PAY_COUPON_NUM,PAY_AMOUNT,PAY_START_DATE,PAY_END_DATE,PAY_PAYMENT_DATE,PAY_MEMBER_IDX) values (7,'qazs','김일번','스페셜 회원권-필라테스',0,450000,'2021-06-01','2021-08-31',to_date('21/05/10','RR/MM/DD'),1);
Insert into USERID.GYM_PAY (PAY_IDX,PAY_ID,PAY_NAME,PAY_MEMBERSHIP,PAY_COUPON_NUM,PAY_AMOUNT,PAY_START_DATE,PAY_END_DATE,PAY_PAYMENT_DATE,PAY_MEMBER_IDX) values (12,'qazs','김일번','일반 회원권 1개월',0,50000,'2021-05-12','2021-06-11',to_date('21/05/10','RR/MM/DD'),1);
Insert into USERID.GYM_PAY (PAY_IDX,PAY_ID,PAY_NAME,PAY_MEMBERSHIP,PAY_COUPON_NUM,PAY_AMOUNT,PAY_START_DATE,PAY_END_DATE,PAY_PAYMENT_DATE,PAY_MEMBER_IDX) values (13,'qazs','김일번','일반 회원권 1개월',0,50000,'2021-05-12','2021-06-11',to_date('21/05/10','RR/MM/DD'),1);
Insert into USERID.GYM_PAY (PAY_IDX,PAY_ID,PAY_NAME,PAY_MEMBERSHIP,PAY_COUPON_NUM,PAY_AMOUNT,PAY_START_DATE,PAY_END_DATE,PAY_PAYMENT_DATE,PAY_MEMBER_IDX) values (14,'qazs','김일번','일반 회원권 1개월',0,50000,'2021-05-12','2021-06-11',to_date('21/05/10','RR/MM/DD'),1);
Insert into USERID.GYM_PAY (PAY_IDX,PAY_ID,PAY_NAME,PAY_MEMBERSHIP,PAY_COUPON_NUM,PAY_AMOUNT,PAY_START_DATE,PAY_END_DATE,PAY_PAYMENT_DATE,PAY_MEMBER_IDX) values (15,'qazs','김일번','일반 회원권 1개월',0,50000,'2021-05-11','2021-06-10',to_date('21/05/10','RR/MM/DD'),1);
Insert into USERID.GYM_PAY (PAY_IDX,PAY_ID,PAY_NAME,PAY_MEMBERSHIP,PAY_COUPON_NUM,PAY_AMOUNT,PAY_START_DATE,PAY_END_DATE,PAY_PAYMENT_DATE,PAY_MEMBER_IDX) values (17,'qazs','김일번','일반 회원권 1개월',0,50000,'2021-05-14','2021-06-13',to_date('21/05/10','RR/MM/DD'),1);
Insert into USERID.GYM_PAY (PAY_IDX,PAY_ID,PAY_NAME,PAY_MEMBERSHIP,PAY_COUPON_NUM,PAY_AMOUNT,PAY_START_DATE,PAY_END_DATE,PAY_PAYMENT_DATE,PAY_MEMBER_IDX) values (18,'qazs','김일번','일반 회원권 1개월',0,50000,'2021-05-15','2021-06-14',to_date('21/05/10','RR/MM/DD'),1);
Insert into USERID.GYM_PAY (PAY_IDX,PAY_ID,PAY_NAME,PAY_MEMBERSHIP,PAY_COUPON_NUM,PAY_AMOUNT,PAY_START_DATE,PAY_END_DATE,PAY_PAYMENT_DATE,PAY_MEMBER_IDX) values (20,'qazs','김일번','일반 회원권 1개월',0,50000,'2021-05-12','2021-06-11',to_date('21/05/10','RR/MM/DD'),1);
Insert into USERID.GYM_PAY (PAY_IDX,PAY_ID,PAY_NAME,PAY_MEMBERSHIP,PAY_COUPON_NUM,PAY_AMOUNT,PAY_START_DATE,PAY_END_DATE,PAY_PAYMENT_DATE,PAY_MEMBER_IDX) values (21,'qazs','김일번','일반 회원권 1개월',0,50000,'2021-05-12','2021-06-11',to_date('21/05/10','RR/MM/DD'),1);
Insert into USERID.GYM_PAY (PAY_IDX,PAY_ID,PAY_NAME,PAY_MEMBERSHIP,PAY_COUPON_NUM,PAY_AMOUNT,PAY_START_DATE,PAY_END_DATE,PAY_PAYMENT_DATE,PAY_MEMBER_IDX) values (22,'qazs','김일번','일반 회원권 1개월',0,50000,'2021-05-12','2021-06-11',to_date('21/05/10','RR/MM/DD'),1);
REM INSERTING into USERID.GYM_RECRUITMENT
SET DEFINE OFF;
Insert into USERID.GYM_RECRUITMENT (RECRUITMENT_IDX,RECRUITMENT_NAME,RECRUITMENT_TITLE,RECRUITMENT_CONTENT,RECRUITMENT_DATE,RECRUITMENT_HIT) values (1,'관리자','굿초이스의 미래를 이끌어 갈 신입 직원을 모집합니다!','<굿초이스 피트니스 모집 요강>
1.지원대상 및 선발인원
-지원대상 : 생활스포츠지도사 2급 자격증 소지자
-선발인원 :       명
2.지원서 접수 : 2021-03-31 18:00까지
3.지원 방식 : 이메일 접수 goodchoice@gmail.com
4.지원서 양식
-이력서 기재사항 : 이름, 나이, 성별, 경력, 연락처, 자기소개(자유 형식)
-제출서류 : 이력서, 자격증
굿초이스 피트니스는 출퇴근이 자유롭고 고액연봉을 보장합니다. 회원과 1:1 맞춤 PT를 함으로써 시간선택이 자유롭고 만족스럽습니다. 
트레이너 분들의 많은 참여 바랍니다. 문의 (02-0000-0000) ',to_date('21/05/10','RR/MM/DD'),0);
Insert into USERID.GYM_RECRUITMENT (RECRUITMENT_IDX,RECRUITMENT_NAME,RECRUITMENT_TITLE,RECRUITMENT_CONTENT,RECRUITMENT_DATE,RECRUITMENT_HIT) values (2,'관리자','굿초이스의 미래를 이끌어 갈 신입 직원을 모집합니다!','<굿초이스 피트니스 모집 요강>
1.지원대상 및 선발인원
-지원대상 : 생활스포츠지도사 2급 자격증 소지자
-선발인원 :       명
2.지원서 접수 : 2021-03-31 18:00까지
3.지원 방식 : 이메일 접수 goodchoice@gmail.com
4.지원서 양식
-이력서 기재사항 : 이름, 나이, 성별, 경력, 연락처, 자기소개(자유 형식)
-제출서류 : 이력서, 자격증
굿초이스 피트니스는 출퇴근이 자유롭고 고액연봉을 보장합니다. 회원과 1:1 맞춤 PT를 함으로써 시간선택이 자유롭고 만족스럽습니다. 
트레이너 분들의 많은 참여 바랍니다. 문의 (02-0000-0000) ',to_date('21/05/10','RR/MM/DD'),0);
Insert into USERID.GYM_RECRUITMENT (RECRUITMENT_IDX,RECRUITMENT_NAME,RECRUITMENT_TITLE,RECRUITMENT_CONTENT,RECRUITMENT_DATE,RECRUITMENT_HIT) values (3,'관리자','굿초이스의 미래를 이끌어 갈 신입 직원을 모집합니다!','<굿초이스 피트니스 모집 요강>
1.지원대상 및 선발인원
-지원대상 : 생활스포츠지도사 2급 자격증 소지자
-선발인원 :       명
2.지원서 접수 : 2021-03-31 18:00까지
3.지원 방식 : 이메일 접수 goodchoice@gmail.com
4.지원서 양식
-이력서 기재사항 : 이름, 나이, 성별, 경력, 연락처, 자기소개(자유 형식)
-제출서류 : 이력서, 자격증
굿초이스 피트니스는 출퇴근이 자유롭고 고액연봉을 보장합니다. 회원과 1:1 맞춤 PT를 함으로써 시간선택이 자유롭고 만족스럽습니다. 
트레이너 분들의 많은 참여 바랍니다. 문의 (02-0000-0000) ',to_date('21/05/10','RR/MM/DD'),0);
Insert into USERID.GYM_RECRUITMENT (RECRUITMENT_IDX,RECRUITMENT_NAME,RECRUITMENT_TITLE,RECRUITMENT_CONTENT,RECRUITMENT_DATE,RECRUITMENT_HIT) values (4,'관리자','굿초이스의 미래를 이끌어 갈 신입 직원을 모집합니다!','<굿초이스 피트니스 모집 요강>
1.지원대상 및 선발인원
-지원대상 : 생활스포츠지도사 2급 자격증 소지자
-선발인원 :       명
2.지원서 접수 : 2021-03-31 18:00까지
3.지원 방식 : 이메일 접수 goodchoice@gmail.com
4.지원서 양식
-이력서 기재사항 : 이름, 나이, 성별, 경력, 연락처, 자기소개(자유 형식)
-제출서류 : 이력서, 자격증
굿초이스 피트니스는 출퇴근이 자유롭고 고액연봉을 보장합니다. 회원과 1:1 맞춤 PT를 함으로써 시간선택이 자유롭고 만족스럽습니다. 
트레이너 분들의 많은 참여 바랍니다. 문의 (02-0000-0000) ',to_date('21/05/10','RR/MM/DD'),0);
Insert into USERID.GYM_RECRUITMENT (RECRUITMENT_IDX,RECRUITMENT_NAME,RECRUITMENT_TITLE,RECRUITMENT_CONTENT,RECRUITMENT_DATE,RECRUITMENT_HIT) values (5,'관리자','굿초이스의 미래를 이끌어 갈 신입 직원을 모집합니다!','<p>&lt;굿초이스 피트니스 모집 요강&gt;</p>

<p>1.지원대상 및 선발인원</p>

<p>-지원대상 : 생활스포츠지도사 2급 자격증 소지자</p>

<p>-선발인원 : 명</p>

<p>2.지원서 접수 : 2021-03-31 18:00까지</p>

<p>3.지원 방식 : 이메일 접수 goodchoice@gmail.com</p>

<p>4.지원서 양식</p>

<p>-이력서 기재사항 : 이름, 나이, 성별, 경력, 연락처, 자기소개(자유 형식)</p>

<p>-제출서류 : 이력서, 자격증</p>

<p>굿초이스 피트니스는 출퇴근이 자유롭고 고액연봉을 보장합니다.</p>

<p>회원과 1:1 맞춤 PT를 함으로써 시간선택이 자유롭고 만족스럽습니다. 트레이너 분들의 많은 참여 바랍니다.</p>

<p>문의 (02-0000-0000)</p>
',to_date('21/05/10','RR/MM/DD'),7);
Insert into USERID.GYM_RECRUITMENT (RECRUITMENT_IDX,RECRUITMENT_NAME,RECRUITMENT_TITLE,RECRUITMENT_CONTENT,RECRUITMENT_DATE,RECRUITMENT_HIT) values (6,'관리자','굿초이스의 미래를 이끌어 갈 신입 직원을 모집합니다!','<굿초이스 피트니스 모집 요강>
1.지원대상 및 선발인원
-지원대상 : 생활스포츠지도사 2급 자격증 소지자
-선발인원 :       명
2.지원서 접수 : 2021-03-31 18:00까지
3.지원 방식 : 이메일 접수 goodchoice@gmail.com
4.지원서 양식
-이력서 기재사항 : 이름, 나이, 성별, 경력, 연락처, 자기소개(자유 형식)
-제출서류 : 이력서, 자격증
굿초이스 피트니스는 출퇴근이 자유롭고 고액연봉을 보장합니다. 회원과 1:1 맞춤 PT를 함으로써 시간선택이 자유롭고 만족스럽습니다. 
트레이너 분들의 많은 참여 바랍니다. 문의 (02-0000-0000) ',to_date('21/05/10','RR/MM/DD'),0);
Insert into USERID.GYM_RECRUITMENT (RECRUITMENT_IDX,RECRUITMENT_NAME,RECRUITMENT_TITLE,RECRUITMENT_CONTENT,RECRUITMENT_DATE,RECRUITMENT_HIT) values (7,'관리자','굿초이스의 미래를 이끌어 갈 신입 직원을 모집합니다!','<굿초이스 피트니스 모집 요강>
1.지원대상 및 선발인원
-지원대상 : 생활스포츠지도사 2급 자격증 소지자
-선발인원 :       명
2.지원서 접수 : 2021-03-31 18:00까지
3.지원 방식 : 이메일 접수 goodchoice@gmail.com
4.지원서 양식
-이력서 기재사항 : 이름, 나이, 성별, 경력, 연락처, 자기소개(자유 형식)
-제출서류 : 이력서, 자격증
굿초이스 피트니스는 출퇴근이 자유롭고 고액연봉을 보장합니다. 회원과 1:1 맞춤 PT를 함으로써 시간선택이 자유롭고 만족스럽습니다. 
트레이너 분들의 많은 참여 바랍니다. 문의 (02-0000-0000) ',to_date('21/05/10','RR/MM/DD'),0);
Insert into USERID.GYM_RECRUITMENT (RECRUITMENT_IDX,RECRUITMENT_NAME,RECRUITMENT_TITLE,RECRUITMENT_CONTENT,RECRUITMENT_DATE,RECRUITMENT_HIT) values (8,'관리자','테스트','<p>채용</p>

<p>안내</p>

<p>테스트입니다</p>
',to_date('21/05/10','RR/MM/DD'),4);
REM INSERTING into USERID.GYM_REREPLY
SET DEFINE OFF;
Insert into USERID.GYM_REREPLY (REREPLY_IDX,REREPLY_ID,REREPLY_NAME,REREPLY_CONTENT,REREPLY_DATE,REREPLY_REVIEW_IDX,REREPLY_REVIEWMEM_IDX,REREPLY_REVIEWMEM_IDX2) values (13,'qazs55','박초이스','댓글',to_date('21/05/11','RR/MM/DD'),103,140,1);
Insert into USERID.GYM_REREPLY (REREPLY_IDX,REREPLY_ID,REREPLY_NAME,REREPLY_CONTENT,REREPLY_DATE,REREPLY_REVIEW_IDX,REREPLY_REVIEWMEM_IDX,REREPLY_REVIEWMEM_IDX2) values (10,'qazs','김일번','댓글 
수정',to_date('21/05/10','RR/MM/DD'),99,1,127);
Insert into USERID.GYM_REREPLY (REREPLY_IDX,REREPLY_ID,REREPLY_NAME,REREPLY_CONTENT,REREPLY_DATE,REREPLY_REVIEW_IDX,REREPLY_REVIEWMEM_IDX,REREPLY_REVIEWMEM_IDX2) values (14,'qazs','김일번','댓글입니다
수정',to_date('21/05/11','RR/MM/DD'),103,1,1);
Insert into USERID.GYM_REREPLY (REREPLY_IDX,REREPLY_ID,REREPLY_NAME,REREPLY_CONTENT,REREPLY_DATE,REREPLY_REVIEW_IDX,REREPLY_REVIEWMEM_IDX,REREPLY_REVIEWMEM_IDX2) values (12,'qazs','김일번','댓글입니다',to_date('21/05/11','RR/MM/DD'),99,1,127);
REM INSERTING into USERID.GYM_REVIEW
SET DEFINE OFF;
Insert into USERID.GYM_REVIEW (REVIEW_IDX,REVIEW_ID,REVIEW_NAME,REVIEW_TITLE,REVIEW_CONTENT,REVIEW_DATE,REVIEW_HIT,REVIEW_REPLY_COUNT,REVIEWMEMBER_IDX) values (86,'qazs5','오번','ㅁㅁㅁ','<p>테스트</p>
',to_date('21/05/08','RR/MM/DD'),4,0,125);
Insert into USERID.GYM_REVIEW (REVIEW_IDX,REVIEW_ID,REVIEW_NAME,REVIEW_TITLE,REVIEW_CONTENT,REVIEW_DATE,REVIEW_HIT,REVIEW_REPLY_COUNT,REVIEWMEMBER_IDX) values (104,'qazs55','박초이스',' 후기입니다','<p>후기</p>
',to_date('21/05/11','RR/MM/DD'),1,0,140);
Insert into USERID.GYM_REVIEW (REVIEW_IDX,REVIEW_ID,REVIEW_NAME,REVIEW_TITLE,REVIEW_CONTENT,REVIEW_DATE,REVIEW_HIT,REVIEW_REPLY_COUNT,REVIEWMEMBER_IDX) values (106,'qazs','김일번','이용 후기','<p>후기</p>
',to_date('21/05/11','RR/MM/DD'),4,0,1);
Insert into USERID.GYM_REVIEW (REVIEW_IDX,REVIEW_ID,REVIEW_NAME,REVIEW_TITLE,REVIEW_CONTENT,REVIEW_DATE,REVIEW_HIT,REVIEW_REPLY_COUNT,REVIEWMEMBER_IDX) values (99,'qazs10','홍길동','이용 후기','<p>이용후기&nbsp;</p>

<p>좋은 시설</p>
',to_date('21/05/10','RR/MM/DD'),16,2,127);
Insert into USERID.GYM_REVIEW (REVIEW_IDX,REVIEW_ID,REVIEW_NAME,REVIEW_TITLE,REVIEW_CONTENT,REVIEW_DATE,REVIEW_HIT,REVIEW_REPLY_COUNT,REVIEWMEMBER_IDX) values (102,'qazs','김일번','이용 후기','<p>이용후기</p>

<p>좋습니다</p>
',to_date('21/05/11','RR/MM/DD'),0,0,1);
Insert into USERID.GYM_REVIEW (REVIEW_IDX,REVIEW_ID,REVIEW_NAME,REVIEW_TITLE,REVIEW_CONTENT,REVIEW_DATE,REVIEW_HIT,REVIEW_REPLY_COUNT,REVIEWMEMBER_IDX) values (103,'qazs','김일번','이용후기입니다.','<p>좋습니다</p>
',to_date('21/05/11','RR/MM/DD'),7,2,1);
REM INSERTING into USERID.GYM_SCHEDULE
SET DEFINE OFF;
Insert into USERID.GYM_SCHEDULE (GYM_SCHEDULE_IDX,GYM_SCHEDULE_CONTENT,GYM_MON101,GYM_MON102,GYM_MON103,GYM_MON104,GYM_TUE101,GYM_TUE102,GYM_TUE103,GYM_TUE104,GYM_WED101,GYM_WED102,GYM_WED103,GYM_WED104,GYM_THU101,GYM_THU102,GYM_THU103,GYM_THU104,GYM_FRI101,GYM_FRI102,GYM_FRI103,GYM_FRI104,GYM_SAT101,GYM_SAT102,GYM_SAT103,GYM_SAT104,GYM_SUN101,GYM_SUN102,GYM_SUN103,GYM_SUN104) values (15,10,'댄스','요가심화',' 필라테스','스피닝','에어로빅','필라테스','요가','바디스컬트','줌바댄스','요가','테스','스피닝','에어로빅','필라테스','요가','바디스컬트','줌바댄스','요가','필라테스','스피닝','에어로빅','필라테스','요가','바디스컬트','줌바댄스','요가','필라테스','스피닝');
REM INSERTING into USERID.GYM_SCHEDULE2
SET DEFINE OFF;
Insert into USERID.GYM_SCHEDULE2 (GYM_SCHEDULE2_IDX,GYM_SCHEDULE2_CONTENT,GYM_MON201,GYM_MON202,GYM_MON203,GYM_MON204,GYM_TUE201,GYM_TUE202,GYM_TUE203,GYM_TUE204,GYM_WED201,GYM_WED202,GYM_WED203,GYM_WED204,GYM_THU201,GYM_THU202,GYM_THU203,GYM_THU204,GYM_FRI201,GYM_FRI202,GYM_FRI203,GYM_FRI204,GYM_SAT201,GYM_SAT202,GYM_SAT203,GYM_SAT204,GYM_SUN201,GYM_SUN202,GYM_SUN203,GYM_SUN204) values (15,20,'골프','그룹PT','그룹PT','필라테스','그룹PT','골프',' 필라테스','그룹PT','그룹PT','골프',' 필라테스','그룹PT','그룹PT','골프',' 필라테스','그룹PT','그룹PT','골프',' 필라테스','그룹PT','그룹PT','골프',' 필라테스','그룹PT','그룹PT','골프',' 필라테스','그룹PT');
REM INSERTING into USERID.GYM_TRAINNER
SET DEFINE OFF;
Insert into USERID.GYM_TRAINNER (TRAINNER_IDX,TRAINNER_INT,TRAINNER_CONTENT) values (6,'안녕하세요. 굿초이스서윤환 상무 입니다.',' "진정한 노력은 배신하지 않는다"라는 말이 있습니다. 
사람은 누구나 행복에 대한 긍정적인 생각들을 갖고 있습니다. 부족함없는 생활이 행복할까요? 
어떤 리서치 조사결과 부의 축적이 행복지수에 큰 반영은 미치질 못한다 했습니다. 
그 반면에 운동을 하며 하루를 마무리하고 하루를 시작하는 건강한 집단에 대한 행복지수는 급격히 상승곡선을 그린다고 합니다. 
자신의 운동시간에 투자하고, 스스로 만들어 가신다면 저희 헬로우짐 직원들은 그 방법을 알려드리는 조력자의 역할에 앞장 서겠습니다. 
끝으로 헬로우짐 회원님뿐만이 아닌 모든분들이 운동하는 그날을 꿈꾸며, 사랑하는 가족, 연인, 친구분들의 건강한 삶을 기원합니다.');
Insert into USERID.GYM_TRAINNER (TRAINNER_IDX,TRAINNER_INT,TRAINNER_CONTENT) values (7,'안녕하세요. 굿초이스 트레이너 이석우 입니다.',' 지금보다 중요한 순간은 없다고 생각합니다. 미래를 꿈꾸고 생각한다면, 
지금 실천해야 합니다. 항상 처음과 시작은 당연히 두렵기도 하고, 생각이 많아지기도 합니다. 
아무것도 모르고, 어떻게 해야 할 지모를 때, 내딛는 한 걸음이 어렵고 쉽게 포기할까 고민될 때, 고민과 생각이 많아질수록 의지는 점점 나약해 집니다. 
고민은 떨쳐내시고 지금 해야겠다는 생각으로 제 손을 잡으신다면, 함께 즐거움을 찾고 그 즐거움이 원하시는 결과가 되도록 도와드리겠습니다.');
Insert into USERID.GYM_TRAINNER (TRAINNER_IDX,TRAINNER_INT,TRAINNER_CONTENT) values (71,'굿초이스 휘트니스 트레이너 김광기 입니다.','추가');
Insert into USERID.GYM_TRAINNER (TRAINNER_IDX,TRAINNER_INT,TRAINNER_CONTENT) values (8,'굿초이스 휘트니스 트레이너 김광기 입니다.',' 운동의 가치를 모르는 이들 대부분은 건강과의 거리가 멀 수 밖에 없습니다. 
부자들은 대부분 운동을 합니다. 건강을 위해서? 자기관리를 위해서? 기분의 좋아지니깐? 전부 정답입니다! 
운동을 하나의 습관으로 생각하면 삶의 질이 달라질수있습니다. 제가 도와드리겠습니다. 
저는 회원님들의 건강, 자기관리, 스트레스에서 뿐만 아니라 삶의 질을 높여드릴 수 있는 트레이너가 되고 싶습니다. 
저를 믿고 따라와주신다면 절대 배신하지 않겠습니다. 
항상 옆에서 지도자로써 이끌어 드리겠습니다! 운동은 하루를 짧게하지만, 인생을 길게 합니다! 감사합니다!');
Insert into USERID.GYM_TRAINNER (TRAINNER_IDX,TRAINNER_INT,TRAINNER_CONTENT) values (9,'안녕하세요. 굿초이스 PT트레이너 김한구 입니다.','     학생시절부터 여러 운동을 접하면서 끈기와 인내심을 배웠습니다. 극한을 극복해 나아가는 것에 흥미를 두었고 그로인해 따라오는 실패 또한 겸허히 받아들이는 법을 
터득할 수 있었습니다. 성공을 향한 갈망과 이뤄냈을 때의 성취감을 누구보다도 잘 느껴보았기에 그 경험을 바탕으로 트레이닝을 시작할 때 열정을 키워주고 운동을 지속해
나아갈 수 있는 끈기를 잡아드리며 그 끝에는 원하는 목표에 도달해내는 성취감을 느낄 수 있도록 늘 최선을 다해 트레이닝을 도와드리겠습니다.    ');
REM INSERTING into USERID.JOIN_A
SET DEFINE OFF;
Insert into USERID.JOIN_A (NO) values (1);
Insert into USERID.JOIN_A (NO) values (2);
Insert into USERID.JOIN_A (NO) values (3);
Insert into USERID.JOIN_A (NO) values (4);
REM INSERTING into USERID.JOIN_B
SET DEFINE OFF;
Insert into USERID.JOIN_B (NO) values (3);
Insert into USERID.JOIN_B (NO) values (4);
Insert into USERID.JOIN_B (NO) values (5);
Insert into USERID.JOIN_B (NO) values (6);
REM INSERTING into USERID.JSP_MEMBER
SET DEFINE OFF;
Insert into USERID.JSP_MEMBER (ID,PASSWORD,NAME,GENDER,BIRTH,MAIL,PHONE,ADDRESS,REG) values ('hong','1234','홍길동','male',to_date('00/02/01','RR/MM/DD'),'aaa@gamil.com','010-1234-1234','한양',to_date('21/02/19','RR/MM/DD'));
REM INSERTING into USERID.LICENSE
SET DEFINE OFF;
Insert into USERID.LICENSE (SABEON,LICENSE_NM) values ('2012020204','정보처리산업기사');
Insert into USERID.LICENSE (SABEON,LICENSE_NM) values ('2020012901','정보처리기사');
Insert into USERID.LICENSE (SABEON,LICENSE_NM) values ('2020020201','정보관리기술사');
REM INSERTING into USERID.MEMBER
SET DEFINE OFF;
Insert into USERID.MEMBER (ID,AGE,NAME) values (1,10,'hong');
Insert into USERID.MEMBER (ID,AGE,NAME) values (2,15,'tom');
Insert into USERID.MEMBER (ID,AGE,NAME) values (3,10,'john');
Insert into USERID.MEMBER (ID,AGE,NAME) values (4,5,'hana');
REM INSERTING into USERID.MEMBER_TBL_02
SET DEFINE OFF;
Insert into USERID.MEMBER_TBL_02 (CUSTNO,CUSTNAME,PHONE,ADDRESS,JOINDATE,GRADE,CITY) values (100001,'김행복','01011112222','서울 동대문구 휘경1동',to_date('15/12/02','RR/MM/DD'),'A','01');
Insert into USERID.MEMBER_TBL_02 (CUSTNO,CUSTNAME,PHONE,ADDRESS,JOINDATE,GRADE,CITY) values (100002,'이축복','01011113333','서울 동대문구 휘경2동',to_date('15/12/06','RR/MM/DD'),'B','01');
Insert into USERID.MEMBER_TBL_02 (CUSTNO,CUSTNAME,PHONE,ADDRESS,JOINDATE,GRADE,CITY) values (100003,'장믿음','01011114444','울릉군 울릉읍 독도1리',to_date('15/10/01','RR/MM/DD'),'B','30');
Insert into USERID.MEMBER_TBL_02 (CUSTNO,CUSTNAME,PHONE,ADDRESS,JOINDATE,GRADE,CITY) values (100004,'최사랑','01011115555','울릉군 울릉읍 독도2리',to_date('15/11/13','RR/MM/DD'),'A','30');
Insert into USERID.MEMBER_TBL_02 (CUSTNO,CUSTNAME,PHONE,ADDRESS,JOINDATE,GRADE,CITY) values (100005,'진평화','01011116666','제주도 제주시 외나무골',to_date('15/12/25','RR/MM/DD'),'B','60');
Insert into USERID.MEMBER_TBL_02 (CUSTNO,CUSTNAME,PHONE,ADDRESS,JOINDATE,GRADE,CITY) values (100006,'차공단','01011117777','제주도 제주시 감나무골',to_date('15/12/11','RR/MM/DD'),'C','60');
Insert into USERID.MEMBER_TBL_02 (CUSTNO,CUSTNAME,PHONE,ADDRESS,JOINDATE,GRADE,CITY) values (100007,'홍','01000001111','대전',to_date('21/01/01','RR/MM/DD'),'B','01');
Insert into USERID.MEMBER_TBL_02 (CUSTNO,CUSTNAME,PHONE,ADDRESS,JOINDATE,GRADE,CITY) values (100008,'홍길동','01000001112','서울',to_date('21/01/01','RR/MM/DD'),'A','30');
Insert into USERID.MEMBER_TBL_02 (CUSTNO,CUSTNAME,PHONE,ADDRESS,JOINDATE,GRADE,CITY) values (100009,'김','01000001112',' dd',to_date('21/01/01','RR/MM/DD'),'A','30');
Insert into USERID.MEMBER_TBL_02 (CUSTNO,CUSTNAME,PHONE,ADDRESS,JOINDATE,GRADE,CITY) values (100010,'홍길동','010-0000-1111','한양',to_date('21/01/02','RR/MM/DD'),'A','30');
Insert into USERID.MEMBER_TBL_02 (CUSTNO,CUSTNAME,PHONE,ADDRESS,JOINDATE,GRADE,CITY) values (100013,'이율곡','0101112222','한양',to_date('20/03/10','RR/MM/DD'),'A','02');
Insert into USERID.MEMBER_TBL_02 (CUSTNO,CUSTNAME,PHONE,ADDRESS,JOINDATE,GRADE,CITY) values (100014,'김행','01000001112','한양',to_date('21/01/02','RR/MM/DD'),'A','30');
REM INSERTING into USERID.MONEY_TBL_02
SET DEFINE OFF;
Insert into USERID.MONEY_TBL_02 (CUSTNO,SALENOL,PCOST,AMOUNT,PRICE,PCODE,SDATE) values (100001,20160001,500,5,2500,'A001',to_date('16/01/01','RR/MM/DD'));
Insert into USERID.MONEY_TBL_02 (CUSTNO,SALENOL,PCOST,AMOUNT,PRICE,PCODE,SDATE) values (100001,20160002,1000,4,4000,'A002',to_date('16/01/01','RR/MM/DD'));
Insert into USERID.MONEY_TBL_02 (CUSTNO,SALENOL,PCOST,AMOUNT,PRICE,PCODE,SDATE) values (100001,20160003,500,3,1500,'A008',to_date('16/01/01','RR/MM/DD'));
Insert into USERID.MONEY_TBL_02 (CUSTNO,SALENOL,PCOST,AMOUNT,PRICE,PCODE,SDATE) values (100002,20160004,2000,1,2000,'A004',to_date('16/01/02','RR/MM/DD'));
Insert into USERID.MONEY_TBL_02 (CUSTNO,SALENOL,PCOST,AMOUNT,PRICE,PCODE,SDATE) values (100002,20160005,500,1,500,'A001',to_date('16/01/03','RR/MM/DD'));
Insert into USERID.MONEY_TBL_02 (CUSTNO,SALENOL,PCOST,AMOUNT,PRICE,PCODE,SDATE) values (100003,20160006,1500,2,3000,'A003',to_date('16/01/03','RR/MM/DD'));
Insert into USERID.MONEY_TBL_02 (CUSTNO,SALENOL,PCOST,AMOUNT,PRICE,PCODE,SDATE) values (100004,20160007,500,2,1000,'A001',to_date('16/01/04','RR/MM/DD'));
Insert into USERID.MONEY_TBL_02 (CUSTNO,SALENOL,PCOST,AMOUNT,PRICE,PCODE,SDATE) values (100004,20160008,300,1,300,'A005',to_date('16/01/04','RR/MM/DD'));
Insert into USERID.MONEY_TBL_02 (CUSTNO,SALENOL,PCOST,AMOUNT,PRICE,PCODE,SDATE) values (100004,20160009,600,1,600,'A006',to_date('16/01/04','RR/MM/DD'));
Insert into USERID.MONEY_TBL_02 (CUSTNO,SALENOL,PCOST,AMOUNT,PRICE,PCODE,SDATE) values (100004,20160010,3000,1,3000,'A007',to_date('16/01/06','RR/MM/DD'));
REM INSERTING into USERID.REPLY
SET DEFINE OFF;
Insert into USERID.REPLY (REPLY_IDX,REPLY_NAME,REPLY_CONTENT,REPLY_DATE,REPLY_BOARD_IDX) values (22,'222','111',to_date('21/02/24','RR/MM/DD'),2);
Insert into USERID.REPLY (REPLY_IDX,REPLY_NAME,REPLY_CONTENT,REPLY_DATE,REPLY_BOARD_IDX) values (2,'심청','댓글 제목2',to_date('21/02/23','RR/MM/DD'),2);
Insert into USERID.REPLY (REPLY_IDX,REPLY_NAME,REPLY_CONTENT,REPLY_DATE,REPLY_BOARD_IDX) values (3,'심봉사','댓글 제목3',to_date('21/02/23','RR/MM/DD'),3);
Insert into USERID.REPLY (REPLY_IDX,REPLY_NAME,REPLY_CONTENT,REPLY_DATE,REPLY_BOARD_IDX) values (24,'ㅊㅊ','ㅌㅌ',to_date('21/02/24','RR/MM/DD'),2);
Insert into USERID.REPLY (REPLY_IDX,REPLY_NAME,REPLY_CONTENT,REPLY_DATE,REPLY_BOARD_IDX) values (26,'ㅁㅁ','ㅇㅇ',to_date('21/02/24','RR/MM/DD'),21);
Insert into USERID.REPLY (REPLY_IDX,REPLY_NAME,REPLY_CONTENT,REPLY_DATE,REPLY_BOARD_IDX) values (25,'ㅁㅁ','ㄴㄴ',to_date('21/02/24','RR/MM/DD'),2);
REM INSERTING into USERID.SAWON
SET DEFINE OFF;
Insert into USERID.SAWON (SABEON,NAME,RANK) values ('2020012901','고길동','사원');
Insert into USERID.SAWON (SABEON,NAME,RANK) values ('2020012902','나길동','사원');
Insert into USERID.SAWON (SABEON,NAME,RANK) values ('2020020201','도길동','사원');
Insert into USERID.SAWON (SABEON,NAME,RANK) values ('2020020202','신길동','사원');
Insert into USERID.SAWON (SABEON,NAME,RANK) values ('2020020203','이길동','사원');
Insert into USERID.SAWON (SABEON,NAME,RANK) values ('2020020204','홍길동','사원');
REM INSERTING into USERID.SIMPLE_BBS
SET DEFINE OFF;
Insert into USERID.SIMPLE_BBS (ID,WRITER,TITLE,CONTENT) values (1,'hong','title1','content1');
Insert into USERID.SIMPLE_BBS (ID,WRITER,TITLE,CONTENT) values (21,'박길동','테스트1','content1');
Insert into USERID.SIMPLE_BBS (ID,WRITER,TITLE,CONTENT) values (22,'테스트','테스트2','content1');
Insert into USERID.SIMPLE_BBS (ID,WRITER,TITLE,CONTENT) values (23,'테스트','테스트3','content1');
Insert into USERID.SIMPLE_BBS (ID,WRITER,TITLE,CONTENT) values (24,'테스트','테스트4','content1');
Insert into USERID.SIMPLE_BBS (ID,WRITER,TITLE,CONTENT) values (25,'테스트','테스트5','content1');
Insert into USERID.SIMPLE_BBS (ID,WRITER,TITLE,CONTENT) values (26,'테스트','테스트6','content1');
Insert into USERID.SIMPLE_BBS (ID,WRITER,TITLE,CONTENT) values (41,'테스트1','테스터1','테스트');
REM INSERTING into USERID.SONG
SET DEFINE OFF;
Insert into USERID.SONG (SONG_ID,TITLE,LYRICS) values (101,'Tell Me','tell me tell me tetetete tel me');
Insert into USERID.SONG (SONG_ID,TITLE,LYRICS) values (102,'Gee','GEE GEE GEE GEE GEE BABY BABY');
Insert into USERID.SONG (SONG_ID,TITLE,LYRICS) values (103,'미스터','이름이 뭐야 미스터');
Insert into USERID.SONG (SONG_ID,TITLE,LYRICS) values (104,'Abracadabra','이러다 미쳐 내가 여리여리');
Insert into USERID.SONG (SONG_ID,TITLE,LYRICS) values (105,'8282','Give me a call Baby baby');
Insert into USERID.SONG (SONG_ID,TITLE,LYRICS) values (106,'기대해','기대해');
Insert into USERID.SONG (SONG_ID,TITLE,LYRICS) values (107,'I Dont car','다른여자들의다리를');
Insert into USERID.SONG (SONG_ID,TITLE,LYRICS) values (108,'Bad Girl Good Girl','앞에선한마디말도');
Insert into USERID.SONG (SONG_ID,TITLE,LYRICS) values (109,'피노키오','뉴예삐오');
Insert into USERID.SONG (SONG_ID,TITLE,LYRICS) values (110,'별빛달빛','너는내별빛내마음의별빛');
Insert into USERID.SONG (SONG_ID,TITLE,LYRICS) values (111,'A','A워오우워오우워우우우');
Insert into USERID.SONG (SONG_ID,TITLE,LYRICS) values (112,'나혼자','나 혼자 밥을 먹고 나 혼자 영화 보고');
Insert into USERID.SONG (SONG_ID,TITLE,LYRICS) values (113,'LUV','설레이나요');
Insert into USERID.SONG (SONG_ID,TITLE,LYRICS) values (114,'짧은치마','짧은 치마를 입고 내가 길을 걸으면');
Insert into USERID.SONG (SONG_ID,TITLE,LYRICS) values (115,'위아래','위 아래 위위 아래');
Insert into USERID.SONG (SONG_ID,TITLE,LYRICS) values (116,'Dumb Dumb','너 땜에 하루종일');
REM INSERTING into USERID.STUDENT
SET DEFINE OFF;
Insert into USERID.STUDENT (STUDENT_NO,NAME,AGE,PHONE,ADDRESS,MEMO) values (21,'홍길동',30,'010-1111-2222','한양','홍길동입니다.');
Insert into USERID.STUDENT (STUDENT_NO,NAME,AGE,PHONE,ADDRESS,MEMO) values (22,'사임당',40,'010-3333-4444','천안','사임당입니다.');
Insert into USERID.STUDENT (STUDENT_NO,NAME,AGE,PHONE,ADDRESS,MEMO) values (23,'임꺽정',35,'010-5555-6666','대전','꺽정입니다.');
Insert into USERID.STUDENT (STUDENT_NO,NAME,AGE,PHONE,ADDRESS,MEMO) values (24,'아이언맨',45,'010-2222-3333','뉴욕','철사람입니다.');
Insert into USERID.STUDENT (STUDENT_NO,NAME,AGE,PHONE,ADDRESS,MEMO) values (25,'잡스',20,'010-8888-9999','시카고','잡스입니다.');
REM INSERTING into USERID.TRANSACTION1
SET DEFINE OFF;
Insert into USERID.TRANSACTION1 (CONSUMERID,AMOUNT) values ('hong',3);
Insert into USERID.TRANSACTION1 (CONSUMERID,AMOUNT) values ('lee',1);
REM INSERTING into USERID.TRANSACTION2
SET DEFINE OFF;
Insert into USERID.TRANSACTION2 (CONSUMERID,AMOUNT) values ('hong',3);
Insert into USERID.TRANSACTION2 (CONSUMERID,AMOUNT) values ('lee',1);
--------------------------------------------------------
--  DDL for Index SONG_PK
--------------------------------------------------------

  CREATE UNIQUE INDEX "USERID"."SONG_PK" ON "USERID"."SONG" ("SONG_ID") 
  PCTFREE 10 INITRANS 2 MAXTRANS 255 COMPUTE STATISTICS 
  STORAGE(INITIAL 65536 NEXT 1048576 MINEXTENTS 1 MAXEXTENTS 2147483645
  PCTINCREASE 0 FREELISTS 1 FREELIST GROUPS 1 BUFFER_POOL DEFAULT FLASH_CACHE DEFAULT CELL_FLASH_CACHE DEFAULT)
  TABLESPACE "SYSTEM" ;
--------------------------------------------------------
--  DDL for Index GIRL_GROUP_PK
--------------------------------------------------------

  CREATE UNIQUE INDEX "USERID"."GIRL_GROUP_PK" ON "USERID"."GIRL_GROUP" ("GIRL_GROUP_ID") 
  PCTFREE 10 INITRANS 2 MAXTRANS 255 COMPUTE STATISTICS 
  STORAGE(INITIAL 65536 NEXT 1048576 MINEXTENTS 1 MAXEXTENTS 2147483645
  PCTINCREASE 0 FREELISTS 1 FREELIST GROUPS 1 BUFFER_POOL DEFAULT FLASH_CACHE DEFAULT CELL_FLASH_CACHE DEFAULT)
  TABLESPACE "SYSTEM" ;
--------------------------------------------------------
--  DDL for Index STUDENT_PK
--------------------------------------------------------

  CREATE UNIQUE INDEX "USERID"."STUDENT_PK" ON "USERID"."STUDENT" ("STUDENT_NO") 
  PCTFREE 10 INITRANS 2 MAXTRANS 255 COMPUTE STATISTICS 
  STORAGE(INITIAL 65536 NEXT 1048576 MINEXTENTS 1 MAXEXTENTS 2147483645
  PCTINCREASE 0 FREELISTS 1 FREELIST GROUPS 1 BUFFER_POOL DEFAULT FLASH_CACHE DEFAULT CELL_FLASH_CACHE DEFAULT)
  TABLESPACE "SYSTEM" ;
--------------------------------------------------------
--  Constraints for Table GYM_INQUIRY
--------------------------------------------------------

  ALTER TABLE "USERID"."GYM_INQUIRY" ADD PRIMARY KEY ("INQ_IDX")
  USING INDEX PCTFREE 10 INITRANS 2 MAXTRANS 255 COMPUTE STATISTICS 
  STORAGE(INITIAL 65536 NEXT 1048576 MINEXTENTS 1 MAXEXTENTS 2147483645
  PCTINCREASE 0 FREELISTS 1 FREELIST GROUPS 1 BUFFER_POOL DEFAULT FLASH_CACHE DEFAULT CELL_FLASH_CACHE DEFAULT)
  TABLESPACE "SYSTEM"  ENABLE;
--------------------------------------------------------
--  Constraints for Table COMPANY_JOB
--------------------------------------------------------

  ALTER TABLE "USERID"."COMPANY_JOB" ADD PRIMARY KEY ("JOB_IDX")
  USING INDEX PCTFREE 10 INITRANS 2 MAXTRANS 255 COMPUTE STATISTICS 
  STORAGE(INITIAL 65536 NEXT 1048576 MINEXTENTS 1 MAXEXTENTS 2147483645
  PCTINCREASE 0 FREELISTS 1 FREELIST GROUPS 1 BUFFER_POOL DEFAULT FLASH_CACHE DEFAULT CELL_FLASH_CACHE DEFAULT)
  TABLESPACE "SYSTEM"  ENABLE;
--------------------------------------------------------
--  Constraints for Table GYM_SCHEDULE2
--------------------------------------------------------

  ALTER TABLE "USERID"."GYM_SCHEDULE2" ADD PRIMARY KEY ("GYM_SCHEDULE2_IDX")
  USING INDEX PCTFREE 10 INITRANS 2 MAXTRANS 255 COMPUTE STATISTICS 
  STORAGE(INITIAL 65536 NEXT 1048576 MINEXTENTS 1 MAXEXTENTS 2147483645
  PCTINCREASE 0 FREELISTS 1 FREELIST GROUPS 1 BUFFER_POOL DEFAULT FLASH_CACHE DEFAULT CELL_FLASH_CACHE DEFAULT)
  TABLESPACE "SYSTEM"  ENABLE;
--------------------------------------------------------
--  Constraints for Table GYM_RECRUITMENT
--------------------------------------------------------

  ALTER TABLE "USERID"."GYM_RECRUITMENT" ADD PRIMARY KEY ("RECRUITMENT_IDX")
  USING INDEX PCTFREE 10 INITRANS 2 MAXTRANS 255 COMPUTE STATISTICS 
  STORAGE(INITIAL 65536 NEXT 1048576 MINEXTENTS 1 MAXEXTENTS 2147483645
  PCTINCREASE 0 FREELISTS 1 FREELIST GROUPS 1 BUFFER_POOL DEFAULT FLASH_CACHE DEFAULT CELL_FLASH_CACHE DEFAULT)
  TABLESPACE "SYSTEM"  ENABLE;
--------------------------------------------------------
--  Constraints for Table COMPANY_QNA
--------------------------------------------------------

  ALTER TABLE "USERID"."COMPANY_QNA" ADD PRIMARY KEY ("QNA_IDX")
  USING INDEX PCTFREE 10 INITRANS 2 MAXTRANS 255 COMPUTE STATISTICS 
  STORAGE(INITIAL 65536 NEXT 1048576 MINEXTENTS 1 MAXEXTENTS 2147483645
  PCTINCREASE 0 FREELISTS 1 FREELIST GROUPS 1 BUFFER_POOL DEFAULT FLASH_CACHE DEFAULT CELL_FLASH_CACHE DEFAULT)
  TABLESPACE "SYSTEM"  ENABLE;
--------------------------------------------------------
--  Constraints for Table BOARD
--------------------------------------------------------

  ALTER TABLE "USERID"."BOARD" ADD PRIMARY KEY ("BOARD_IDX")
  USING INDEX PCTFREE 10 INITRANS 2 MAXTRANS 255 COMPUTE STATISTICS 
  STORAGE(INITIAL 65536 NEXT 1048576 MINEXTENTS 1 MAXEXTENTS 2147483645
  PCTINCREASE 0 FREELISTS 1 FREELIST GROUPS 1 BUFFER_POOL DEFAULT FLASH_CACHE DEFAULT CELL_FLASH_CACHE DEFAULT)
  TABLESPACE "SYSTEM"  ENABLE;
--------------------------------------------------------
--  Constraints for Table GYM_MEMBER
--------------------------------------------------------

  ALTER TABLE "USERID"."GYM_MEMBER" ADD PRIMARY KEY ("MEMBER_IDX")
  USING INDEX PCTFREE 10 INITRANS 2 MAXTRANS 255 COMPUTE STATISTICS 
  STORAGE(INITIAL 65536 NEXT 1048576 MINEXTENTS 1 MAXEXTENTS 2147483645
  PCTINCREASE 0 FREELISTS 1 FREELIST GROUPS 1 BUFFER_POOL DEFAULT FLASH_CACHE DEFAULT CELL_FLASH_CACHE DEFAULT)
  TABLESPACE "SYSTEM"  ENABLE;
--------------------------------------------------------
--  Constraints for Table SIMPLE_BBS
--------------------------------------------------------

  ALTER TABLE "USERID"."SIMPLE_BBS" ADD PRIMARY KEY ("ID")
  USING INDEX PCTFREE 10 INITRANS 2 MAXTRANS 255 COMPUTE STATISTICS 
  STORAGE(INITIAL 65536 NEXT 1048576 MINEXTENTS 1 MAXEXTENTS 2147483645
  PCTINCREASE 0 FREELISTS 1 FREELIST GROUPS 1 BUFFER_POOL DEFAULT FLASH_CACHE DEFAULT CELL_FLASH_CACHE DEFAULT)
  TABLESPACE "SYSTEM"  ENABLE;
--------------------------------------------------------
--  Constraints for Table GYM_PAY
--------------------------------------------------------

  ALTER TABLE "USERID"."GYM_PAY" ADD PRIMARY KEY ("PAY_IDX")
  USING INDEX PCTFREE 10 INITRANS 2 MAXTRANS 255 COMPUTE STATISTICS 
  STORAGE(INITIAL 65536 NEXT 1048576 MINEXTENTS 1 MAXEXTENTS 2147483645
  PCTINCREASE 0 FREELISTS 1 FREELIST GROUPS 1 BUFFER_POOL DEFAULT FLASH_CACHE DEFAULT CELL_FLASH_CACHE DEFAULT)
  TABLESPACE "SYSTEM"  ENABLE;
--------------------------------------------------------
--  Constraints for Table MEMBER_TBL_02
--------------------------------------------------------

  ALTER TABLE "USERID"."MEMBER_TBL_02" ADD PRIMARY KEY ("CUSTNO")
  USING INDEX PCTFREE 10 INITRANS 2 MAXTRANS 255 COMPUTE STATISTICS 
  STORAGE(INITIAL 65536 NEXT 1048576 MINEXTENTS 1 MAXEXTENTS 2147483645
  PCTINCREASE 0 FREELISTS 1 FREELIST GROUPS 1 BUFFER_POOL DEFAULT FLASH_CACHE DEFAULT CELL_FLASH_CACHE DEFAULT)
  TABLESPACE "SYSTEM"  ENABLE;
  ALTER TABLE "USERID"."MEMBER_TBL_02" MODIFY ("CUSTNO" NOT NULL ENABLE);
--------------------------------------------------------
--  Constraints for Table GYM_EVENT
--------------------------------------------------------

  ALTER TABLE "USERID"."GYM_EVENT" ADD PRIMARY KEY ("EVENT_IDX")
  USING INDEX PCTFREE 10 INITRANS 2 MAXTRANS 255 COMPUTE STATISTICS 
  STORAGE(INITIAL 65536 NEXT 1048576 MINEXTENTS 1 MAXEXTENTS 2147483645
  PCTINCREASE 0 FREELISTS 1 FREELIST GROUPS 1 BUFFER_POOL DEFAULT FLASH_CACHE DEFAULT CELL_FLASH_CACHE DEFAULT)
  TABLESPACE "SYSTEM"  ENABLE;
--------------------------------------------------------
--  Constraints for Table GYM_REREPLY
--------------------------------------------------------

  ALTER TABLE "USERID"."GYM_REREPLY" ADD PRIMARY KEY ("REREPLY_IDX")
  USING INDEX PCTFREE 10 INITRANS 2 MAXTRANS 255 COMPUTE STATISTICS 
  STORAGE(INITIAL 65536 NEXT 1048576 MINEXTENTS 1 MAXEXTENTS 2147483645
  PCTINCREASE 0 FREELISTS 1 FREELIST GROUPS 1 BUFFER_POOL DEFAULT FLASH_CACHE DEFAULT CELL_FLASH_CACHE DEFAULT)
  TABLESPACE "SYSTEM"  ENABLE;
--------------------------------------------------------
--  Constraints for Table SONG
--------------------------------------------------------

  ALTER TABLE "USERID"."SONG" ADD CONSTRAINT "SONG_PK" PRIMARY KEY ("SONG_ID")
  USING INDEX PCTFREE 10 INITRANS 2 MAXTRANS 255 COMPUTE STATISTICS 
  STORAGE(INITIAL 65536 NEXT 1048576 MINEXTENTS 1 MAXEXTENTS 2147483645
  PCTINCREASE 0 FREELISTS 1 FREELIST GROUPS 1 BUFFER_POOL DEFAULT FLASH_CACHE DEFAULT CELL_FLASH_CACHE DEFAULT)
  TABLESPACE "SYSTEM"  ENABLE;
  ALTER TABLE "USERID"."SONG" MODIFY ("TITLE" NOT NULL ENABLE);
  ALTER TABLE "USERID"."SONG" MODIFY ("SONG_ID" NOT NULL ENABLE);
--------------------------------------------------------
--  Constraints for Table COMPANY_ONE2ONE
--------------------------------------------------------

  ALTER TABLE "USERID"."COMPANY_ONE2ONE" ADD PRIMARY KEY ("ONE2ONE_IDX")
  USING INDEX PCTFREE 10 INITRANS 2 MAXTRANS 255 COMPUTE STATISTICS 
  STORAGE(INITIAL 65536 NEXT 1048576 MINEXTENTS 1 MAXEXTENTS 2147483645
  PCTINCREASE 0 FREELISTS 1 FREELIST GROUPS 1 BUFFER_POOL DEFAULT FLASH_CACHE DEFAULT CELL_FLASH_CACHE DEFAULT)
  TABLESPACE "SYSTEM"  ENABLE;
--------------------------------------------------------
--  Constraints for Table JSP_MEMBER
--------------------------------------------------------

  ALTER TABLE "USERID"."JSP_MEMBER" ADD PRIMARY KEY ("ID")
  USING INDEX PCTFREE 10 INITRANS 2 MAXTRANS 255 COMPUTE STATISTICS 
  STORAGE(INITIAL 65536 NEXT 1048576 MINEXTENTS 1 MAXEXTENTS 2147483645
  PCTINCREASE 0 FREELISTS 1 FREELIST GROUPS 1 BUFFER_POOL DEFAULT FLASH_CACHE DEFAULT CELL_FLASH_CACHE DEFAULT)
  TABLESPACE "SYSTEM"  ENABLE;
  ALTER TABLE "USERID"."JSP_MEMBER" MODIFY ("PASSWORD" NOT NULL ENABLE);
  ALTER TABLE "USERID"."JSP_MEMBER" MODIFY ("ID" NOT NULL ENABLE);
--------------------------------------------------------
--  Constraints for Table COMPANY_NOTICE
--------------------------------------------------------

  ALTER TABLE "USERID"."COMPANY_NOTICE" ADD PRIMARY KEY ("NOTICE_IDX")
  USING INDEX PCTFREE 10 INITRANS 2 MAXTRANS 255 COMPUTE STATISTICS 
  STORAGE(INITIAL 65536 NEXT 1048576 MINEXTENTS 1 MAXEXTENTS 2147483645
  PCTINCREASE 0 FREELISTS 1 FREELIST GROUPS 1 BUFFER_POOL DEFAULT FLASH_CACHE DEFAULT CELL_FLASH_CACHE DEFAULT)
  TABLESPACE "SYSTEM"  ENABLE;
--------------------------------------------------------
--  Constraints for Table MONEY_TBL_02
--------------------------------------------------------

  ALTER TABLE "USERID"."MONEY_TBL_02" ADD PRIMARY KEY ("SALENOL")
  USING INDEX PCTFREE 10 INITRANS 2 MAXTRANS 255 COMPUTE STATISTICS 
  STORAGE(INITIAL 65536 NEXT 1048576 MINEXTENTS 1 MAXEXTENTS 2147483645
  PCTINCREASE 0 FREELISTS 1 FREELIST GROUPS 1 BUFFER_POOL DEFAULT FLASH_CACHE DEFAULT CELL_FLASH_CACHE DEFAULT)
  TABLESPACE "SYSTEM"  ENABLE;
  ALTER TABLE "USERID"."MONEY_TBL_02" MODIFY ("SALENOL" NOT NULL ENABLE);
  ALTER TABLE "USERID"."MONEY_TBL_02" MODIFY ("CUSTNO" NOT NULL ENABLE);
--------------------------------------------------------
--  Constraints for Table REPLY
--------------------------------------------------------

  ALTER TABLE "USERID"."REPLY" ADD PRIMARY KEY ("REPLY_IDX")
  USING INDEX PCTFREE 10 INITRANS 2 MAXTRANS 255 COMPUTE STATISTICS 
  STORAGE(INITIAL 65536 NEXT 1048576 MINEXTENTS 1 MAXEXTENTS 2147483645
  PCTINCREASE 0 FREELISTS 1 FREELIST GROUPS 1 BUFFER_POOL DEFAULT FLASH_CACHE DEFAULT CELL_FLASH_CACHE DEFAULT)
  TABLESPACE "SYSTEM"  ENABLE;
--------------------------------------------------------
--  Constraints for Table GIRL_GROUP
--------------------------------------------------------

  ALTER TABLE "USERID"."GIRL_GROUP" ADD CONSTRAINT "GIRL_GROUP_PK" PRIMARY KEY ("GIRL_GROUP_ID")
  USING INDEX PCTFREE 10 INITRANS 2 MAXTRANS 255 COMPUTE STATISTICS 
  STORAGE(INITIAL 65536 NEXT 1048576 MINEXTENTS 1 MAXEXTENTS 2147483645
  PCTINCREASE 0 FREELISTS 1 FREELIST GROUPS 1 BUFFER_POOL DEFAULT FLASH_CACHE DEFAULT CELL_FLASH_CACHE DEFAULT)
  TABLESPACE "SYSTEM"  ENABLE;
  ALTER TABLE "USERID"."GIRL_GROUP" MODIFY ("DEBUT" NOT NULL ENABLE);
  ALTER TABLE "USERID"."GIRL_GROUP" MODIFY ("NAME" NOT NULL ENABLE);
  ALTER TABLE "USERID"."GIRL_GROUP" MODIFY ("GIRL_GROUP_ID" NOT NULL ENABLE);
--------------------------------------------------------
--  Constraints for Table COMPANY_MEMBER2
--------------------------------------------------------

  ALTER TABLE "USERID"."COMPANY_MEMBER2" ADD PRIMARY KEY ("MEMBER_IDX")
  USING INDEX PCTFREE 10 INITRANS 2 MAXTRANS 255 COMPUTE STATISTICS 
  STORAGE(INITIAL 65536 NEXT 1048576 MINEXTENTS 1 MAXEXTENTS 2147483645
  PCTINCREASE 0 FREELISTS 1 FREELIST GROUPS 1 BUFFER_POOL DEFAULT FLASH_CACHE DEFAULT CELL_FLASH_CACHE DEFAULT)
  TABLESPACE "SYSTEM"  ENABLE;
--------------------------------------------------------
--  Constraints for Table GYM_TRAINNER
--------------------------------------------------------

  ALTER TABLE "USERID"."GYM_TRAINNER" ADD PRIMARY KEY ("TRAINNER_IDX")
  USING INDEX PCTFREE 10 INITRANS 2 MAXTRANS 255 COMPUTE STATISTICS 
  STORAGE(INITIAL 65536 NEXT 1048576 MINEXTENTS 1 MAXEXTENTS 2147483645
  PCTINCREASE 0 FREELISTS 1 FREELIST GROUPS 1 BUFFER_POOL DEFAULT FLASH_CACHE DEFAULT CELL_FLASH_CACHE DEFAULT)
  TABLESPACE "SYSTEM"  ENABLE;
--------------------------------------------------------
--  Constraints for Table GYM_FAQ
--------------------------------------------------------

  ALTER TABLE "USERID"."GYM_FAQ" ADD PRIMARY KEY ("FAQ_IDX")
  USING INDEX PCTFREE 10 INITRANS 2 MAXTRANS 255 COMPUTE STATISTICS 
  STORAGE(INITIAL 65536 NEXT 1048576 MINEXTENTS 1 MAXEXTENTS 2147483645
  PCTINCREASE 0 FREELISTS 1 FREELIST GROUPS 1 BUFFER_POOL DEFAULT FLASH_CACHE DEFAULT CELL_FLASH_CACHE DEFAULT)
  TABLESPACE "SYSTEM"  ENABLE;
--------------------------------------------------------
--  Constraints for Table COMPANY_MEMBER
--------------------------------------------------------

  ALTER TABLE "USERID"."COMPANY_MEMBER" ADD PRIMARY KEY ("MEMBER_IDX")
  USING INDEX PCTFREE 10 INITRANS 2 MAXTRANS 255 COMPUTE STATISTICS 
  STORAGE(INITIAL 65536 NEXT 1048576 MINEXTENTS 1 MAXEXTENTS 2147483645
  PCTINCREASE 0 FREELISTS 1 FREELIST GROUPS 1 BUFFER_POOL DEFAULT FLASH_CACHE DEFAULT CELL_FLASH_CACHE DEFAULT)
  TABLESPACE "SYSTEM"  ENABLE;
--------------------------------------------------------
--  Constraints for Table STUDENT
--------------------------------------------------------

  ALTER TABLE "USERID"."STUDENT" ADD CONSTRAINT "STUDENT_PK" PRIMARY KEY ("STUDENT_NO")
  USING INDEX PCTFREE 10 INITRANS 2 MAXTRANS 255 COMPUTE STATISTICS 
  STORAGE(INITIAL 65536 NEXT 1048576 MINEXTENTS 1 MAXEXTENTS 2147483645
  PCTINCREASE 0 FREELISTS 1 FREELIST GROUPS 1 BUFFER_POOL DEFAULT FLASH_CACHE DEFAULT CELL_FLASH_CACHE DEFAULT)
  TABLESPACE "SYSTEM"  ENABLE;
  ALTER TABLE "USERID"."STUDENT" MODIFY ("STUDENT_NO" NOT NULL ENABLE);
--------------------------------------------------------
--  Constraints for Table GYM_OUT_MEMBER
--------------------------------------------------------

  ALTER TABLE "USERID"."GYM_OUT_MEMBER" ADD PRIMARY KEY ("OUT_MEMBER_IDX")
  USING INDEX PCTFREE 10 INITRANS 2 MAXTRANS 255 
  STORAGE(INITIAL 65536 NEXT 1048576 MINEXTENTS 1 MAXEXTENTS 2147483645
  PCTINCREASE 0 FREELISTS 1 FREELIST GROUPS 1 BUFFER_POOL DEFAULT FLASH_CACHE DEFAULT CELL_FLASH_CACHE DEFAULT)
  TABLESPACE "SYSTEM"  ENABLE;
--------------------------------------------------------
--  Constraints for Table JOIN_A
--------------------------------------------------------

  ALTER TABLE "USERID"."JOIN_A" MODIFY ("NO" NOT NULL ENABLE);
--------------------------------------------------------
--  Constraints for Table MEMBER
--------------------------------------------------------

  ALTER TABLE "USERID"."MEMBER" ADD PRIMARY KEY ("ID")
  USING INDEX PCTFREE 10 INITRANS 2 MAXTRANS 255 COMPUTE STATISTICS 
  STORAGE(INITIAL 65536 NEXT 1048576 MINEXTENTS 1 MAXEXTENTS 2147483645
  PCTINCREASE 0 FREELISTS 1 FREELIST GROUPS 1 BUFFER_POOL DEFAULT FLASH_CACHE DEFAULT CELL_FLASH_CACHE DEFAULT)
  TABLESPACE "SYSTEM"  ENABLE;
  ALTER TABLE "USERID"."MEMBER" MODIFY ("ID" NOT NULL ENABLE);
--------------------------------------------------------
--  Constraints for Table GYM_SCHEDULE
--------------------------------------------------------

  ALTER TABLE "USERID"."GYM_SCHEDULE" ADD PRIMARY KEY ("GYM_SCHEDULE_IDX")
  USING INDEX PCTFREE 10 INITRANS 2 MAXTRANS 255 COMPUTE STATISTICS 
  STORAGE(INITIAL 65536 NEXT 1048576 MINEXTENTS 1 MAXEXTENTS 2147483645
  PCTINCREASE 0 FREELISTS 1 FREELIST GROUPS 1 BUFFER_POOL DEFAULT FLASH_CACHE DEFAULT CELL_FLASH_CACHE DEFAULT)
  TABLESPACE "SYSTEM"  ENABLE;
--------------------------------------------------------
--  Constraints for Table COMPANY_FAQ
--------------------------------------------------------

  ALTER TABLE "USERID"."COMPANY_FAQ" ADD PRIMARY KEY ("FAQ_IDX")
  USING INDEX PCTFREE 10 INITRANS 2 MAXTRANS 255 COMPUTE STATISTICS 
  STORAGE(INITIAL 65536 NEXT 1048576 MINEXTENTS 1 MAXEXTENTS 2147483645
  PCTINCREASE 0 FREELISTS 1 FREELIST GROUPS 1 BUFFER_POOL DEFAULT FLASH_CACHE DEFAULT CELL_FLASH_CACHE DEFAULT)
  TABLESPACE "SYSTEM"  ENABLE;
--------------------------------------------------------
--  Constraints for Table GYM_REVIEW
--------------------------------------------------------

  ALTER TABLE "USERID"."GYM_REVIEW" ADD PRIMARY KEY ("REVIEW_IDX")
  USING INDEX PCTFREE 10 INITRANS 2 MAXTRANS 255 COMPUTE STATISTICS 
  STORAGE(INITIAL 65536 NEXT 1048576 MINEXTENTS 1 MAXEXTENTS 2147483645
  PCTINCREASE 0 FREELISTS 1 FREELIST GROUPS 1 BUFFER_POOL DEFAULT FLASH_CACHE DEFAULT CELL_FLASH_CACHE DEFAULT)
  TABLESPACE "SYSTEM"  ENABLE;
--------------------------------------------------------
--  Constraints for Table GYM_NOTICE
--------------------------------------------------------

  ALTER TABLE "USERID"."GYM_NOTICE" ADD PRIMARY KEY ("NOTICE_IDX")
  USING INDEX PCTFREE 10 INITRANS 2 MAXTRANS 255 COMPUTE STATISTICS 
  STORAGE(INITIAL 65536 NEXT 1048576 MINEXTENTS 1 MAXEXTENTS 2147483645
  PCTINCREASE 0 FREELISTS 1 FREELIST GROUPS 1 BUFFER_POOL DEFAULT FLASH_CACHE DEFAULT CELL_FLASH_CACHE DEFAULT)
  TABLESPACE "SYSTEM"  ENABLE;
--------------------------------------------------------
--  Constraints for Table COMPANY_NEWS
--------------------------------------------------------

  ALTER TABLE "USERID"."COMPANY_NEWS" ADD PRIMARY KEY ("NEWS_IDX")
  USING INDEX PCTFREE 10 INITRANS 2 MAXTRANS 255 COMPUTE STATISTICS 
  STORAGE(INITIAL 65536 NEXT 1048576 MINEXTENTS 1 MAXEXTENTS 2147483645
  PCTINCREASE 0 FREELISTS 1 FREELIST GROUPS 1 BUFFER_POOL DEFAULT FLASH_CACHE DEFAULT CELL_FLASH_CACHE DEFAULT)
  TABLESPACE "SYSTEM"  ENABLE;
--------------------------------------------------------
--  Constraints for Table JOIN_B
--------------------------------------------------------

  ALTER TABLE "USERID"."JOIN_B" MODIFY ("NO" NOT NULL ENABLE);
--------------------------------------------------------
--  Ref Constraints for Table GYM_INQUIRY
--------------------------------------------------------

  ALTER TABLE "USERID"."GYM_INQUIRY" ADD FOREIGN KEY ("INQ_MEMBER_IDX")
	  REFERENCES "USERID"."GYM_MEMBER" ("MEMBER_IDX") ON DELETE CASCADE ENABLE;
--------------------------------------------------------
--  Ref Constraints for Table GYM_PAY
--------------------------------------------------------

  ALTER TABLE "USERID"."GYM_PAY" ADD FOREIGN KEY ("PAY_MEMBER_IDX")
	  REFERENCES "USERID"."GYM_MEMBER" ("MEMBER_IDX") ON DELETE CASCADE ENABLE;
--------------------------------------------------------
--  Ref Constraints for Table GYM_REREPLY
--------------------------------------------------------

  ALTER TABLE "USERID"."GYM_REREPLY" ADD FOREIGN KEY ("REREPLY_REVIEWMEM_IDX")
	  REFERENCES "USERID"."GYM_MEMBER" ("MEMBER_IDX") ENABLE;
  ALTER TABLE "USERID"."GYM_REREPLY" ADD FOREIGN KEY ("REREPLY_REVIEWMEM_IDX2")
	  REFERENCES "USERID"."GYM_MEMBER" ("MEMBER_IDX") ON DELETE CASCADE ENABLE;
--------------------------------------------------------
--  Ref Constraints for Table GYM_REVIEW
--------------------------------------------------------

  ALTER TABLE "USERID"."GYM_REVIEW" ADD FOREIGN KEY ("REVIEWMEMBER_IDX")
	  REFERENCES "USERID"."GYM_MEMBER" ("MEMBER_IDX") ON DELETE CASCADE ENABLE;
